date,p_bull
2004-01-02,0.9980687499046326
2004-01-05,0.9977241158485413
2004-01-06,0.9975246787071228
2004-01-07,0.9974220991134644
2004-01-08,0.997389018535614
2004-01-09,0.9974714517593384
2004-01-12,0.9982954859733582
2004-01-13,0.9972947239875793
2004-01-14,0.9981414079666138
2004-01-15,0.9983223080635071
2004-01-16,0.998233437538147
2004-01-20,0.9980687499046326
2004-01-21,0.9972984194755554
2004-01-22,0.9984028935432434
2004-01-23,0.997519314289093
2004-01-26,0.9979040622711182
2004-01-27,0.9972299933433533
2004-01-28,0.9967537522315979
2004-01-29,0.9965108036994934
2004-01-30,0.9957330822944641
2004-02-02,0.995886504650116
2004-02-03,0.9958012700080872
2004-02-04,0.9966644644737244
2004-02-05,0.9956531524658203
2004-02-06,0.9961397051811218
2004-02-09,0.9961044788360596
2004-02-10,0.9960278272628784
2004-02-11,0.997190535068512
2004-02-12,0.9970177412033081
2004-02-13,0.9962664246559143
2004-02-17,0.9970888495445251
2004-02-18,0.9970471262931824
2004-02-19,0.9957855343818665
2004-02-20,0.9962389469146729
2004-02-23,0.9946810603141785
2004-02-24,0.9957650899887085
2004-02-25,0.9956041574478149
2004-02-26,0.9949652552604675
2004-02-27,0.9949652552604675
2004-03-01,0.996959924697876
2004-03-02,0.996694803237915
2004-03-03,0.9965408444404602
2004-03-04,0.9963893890380859
2004-03-05,0.9959765076637268
2004-03-08,0.9950331449508667
2004-03-09,0.9923344254493713
2004-03-10,0.938376247882843
2004-03-11,0.8303725123405457
2004-03-12,0.9378742575645447
2004-03-15,0.8639047741889954
2004-03-16,0.9339625835418701
2004-03-17,0.9281176924705505
2004-03-18,0.9178730845451355
2004-03-19,0.9278447031974792
2004-03-22,0.8140866160392761
2004-03-23,0.8144352436065674
2004-03-24,0.7738354206085205
2004-03-25,0.8186428546905518
2004-03-26,0.7910236716270447
2004-03-29,0.9673232436180115
2004-03-30,0.9560486674308777
2004-03-31,0.9660662412643433
2004-04-01,0.980946958065033
2004-04-02,0.9839592576026917
2004-04-05,0.9958415627479553
2004-04-06,0.993057370185852
2004-04-07,0.9920306205749512
2004-04-08,0.9862050414085388
2004-04-12,0.9893465638160706
2004-04-13,0.9795814752578735
2004-04-14,0.9794260859489441
2004-04-15,0.9632931351661682
2004-04-16,0.9820136427879333
2004-04-19,0.9826498031616211
2004-04-20,0.954062283039093
2004-04-21,0.9124151468276978
2004-04-22,0.9899131059646606
2004-04-23,0.9896302819252014
2004-04-26,0.9879546165466309
2004-04-27,0.9859062433242798
2004-04-28,0.9456335306167603
2004-04-29,0.951958954334259
2004-04-30,0.8000801801681519
2004-05-03,0.9255308508872986
2004-05-04,0.917858898639679
2004-05-05,0.8565223813056946
2004-05-06,0.9308099150657654
2004-05-07,0.7252798676490784
2004-05-10,0.7291915416717529
2004-05-11,0.6879724860191345
2004-05-12,0.6654448509216309
2004-05-13,0.6371951699256897
2004-05-14,0.5882126092910767
2004-05-17,0.7716581225395203
2004-05-18,0.5948290228843689
2004-05-19,0.6587333083152771
2004-05-20,0.558659553527832
2004-05-21,0.44831761717796326
2004-05-24,0.37694382667541504
2004-05-25,0.7433000206947327
2004-05-26,0.8860329389572144
2004-05-27,0.9597892761230469
2004-05-28,0.9510501027107239
2004-06-01,0.9302435517311096
2004-06-02,0.9758523106575012
2004-06-03,0.9203264117240906
2004-06-04,0.9717555642127991
2004-06-07,0.9948061108589172
2004-06-08,0.99434894323349
2004-06-09,0.990198016166687
2004-06-10,0.9879176020622253
2004-06-14,0.9827842712402344
2004-06-15,0.9895267486572266
2004-06-16,0.9870566129684448
2004-06-17,0.9837263226509094
2004-06-18,0.98725825548172
2004-06-21,0.9810181856155396
2004-06-22,0.9851662516593933
2004-06-23,0.991565465927124
2004-06-24,0.9909237027168274
2004-06-25,0.9852095246315002
2004-06-28,0.9793054461479187
2004-06-29,0.984526515007019
2004-06-30,0.9898325204849243
2004-07-01,0.9715025424957275
2004-07-02,0.9636644124984741
2004-07-06,0.9598860144615173
2004-07-07,0.9356793761253357
2004-07-08,0.9241977334022522
2004-07-09,0.9238112568855286
2004-07-12,0.8968381285667419
2004-07-13,0.8957290053367615
2004-07-14,0.8817561268806458
2004-07-15,0.7763165235519409
2004-07-16,0.7576844096183777
2004-07-19,0.6764428019523621
2004-07-20,0.7750250101089478
2004-07-21,0.7726121544837952
2004-07-22,0.628971517086029
2004-07-23,0.750355064868927
2004-07-26,0.7403464317321777
2004-07-27,0.5126219391822815
2004-07-28,0.4864960312843323
2004-07-29,0.7413426041603088
2004-07-30,0.7581945061683655
2004-08-02,0.6849405169487
2004-08-03,0.6926908493041992
2004-08-04,0.6160863637924194
2004-08-05,0.7929224371910095
2004-08-06,0.5699870586395264
2004-08-09,0.6525229811668396
2004-08-10,0.5708225965499878
2004-08-11,0.5966283082962036
2004-08-12,0.6348490118980408
2004-08-13,0.6175262928009033
2004-08-16,0.4264553189277649
2004-08-17,0.5296701192855835
2004-08-18,0.8064157962799072
2004-08-19,0.8361726999282837
2004-08-20,0.7674816250801086
2004-08-23,0.8176687955856323
2004-08-24,0.661913275718689
2004-08-25,0.8767728209495544
2004-08-26,0.8767728209495544
2004-08-27,0.9475080370903015
2004-08-30,0.8802533745765686
2004-08-31,0.9517920613288879
2004-09-01,0.966112494468689
2004-09-02,0.9908971190452576
2004-09-03,0.98521888256073
2004-09-07,0.9910116195678711
2004-09-08,0.9884573817253113
2004-09-09,0.9866394400596619
2004-09-10,0.9936022162437439
2004-09-13,0.9950571060180664
2004-09-14,0.9953750967979431
2004-09-15,0.9899923205375671
2004-09-16,0.9869341850280762
2004-09-17,0.9934045672416687
2004-09-20,0.989262044429779
2004-09-21,0.9916465878486633
2004-09-22,0.9770061373710632
2004-09-23,0.946542501449585
2004-09-24,0.9492334127426147
2004-09-27,0.9438105225563049
2004-09-28,0.9402065873146057
2004-09-29,0.9637024998664856
2004-09-30,0.967014729976654
2004-10-01,0.9929585456848145
2004-10-04,0.9949435591697693
2004-10-05,0.9950213432312012
2004-10-06,0.9972526431083679
2004-10-07,0.9903421401977539
2004-10-08,0.9825793504714966
2004-10-11,0.987095832824707
2004-10-12,0.9727535247802734
2004-10-13,0.9595193862915039
2004-10-14,0.9299110174179077
2004-10-15,0.9268828630447388
2004-10-18,0.9072784781455994
2004-10-19,0.9485048055648804
2004-10-20,0.92008376121521
2004-10-21,0.862048864364624
2004-10-22,0.8029966950416565
2004-10-25,0.8021491765975952
2004-10-26,0.8969806432723999
2004-10-27,0.9828333258628845
2004-10-28,0.9857498407363892
2004-10-29,0.9777950048446655
2004-11-01,0.9794210195541382
2004-11-02,0.9794210195541382
2004-11-03,0.996781587600708
2004-11-04,0.9982136487960815
2004-11-05,0.9980828762054443
2004-11-08,0.9983081817626953
2004-11-09,0.9984796643257141
2004-11-10,0.998124897480011
2004-11-11,0.9977280497550964
2004-11-12,0.9981247782707214
2004-11-15,0.9980289340019226
2004-11-16,0.9985076785087585
2004-11-17,0.9980531930923462
2004-11-18,0.9980829954147339
2004-11-19,0.9972440004348755
2004-11-22,0.9973493814468384
2004-11-23,0.99720698595047
2004-11-24,0.9974576830863953
2004-11-26,0.9970334768295288
2004-11-29,0.9961732029914856
2004-11-30,0.9961925745010376
2004-12-01,0.9973450303077698
2004-12-02,0.9968323111534119
2004-12-03,0.9960736036300659
2004-12-06,0.9959166646003723
2004-12-07,0.9963860511779785
2004-12-08,0.9967161417007446
2004-12-09,0.9967632293701172
2004-12-10,0.9967632293701172
2004-12-13,0.9980453252792358
2004-12-14,0.9976431727409363
2004-12-15,0.9978033900260925
2004-12-16,0.9977940320968628
2004-12-17,0.9962531328201294
2004-12-20,0.9966539144515991
2004-12-21,0.9969249367713928
2004-12-22,0.9971709847450256
2004-12-23,0.9966248273849487
2004-12-27,0.9969623684883118
2004-12-28,0.9977940320968628
2004-12-29,0.9978033900260925
2004-12-30,0.9969756603240967
2004-12-31,0.9967492818832397
2005-01-03,0.9954699277877808
2005-01-04,0.9955497980117798
2005-01-05,0.9950548410415649
2005-01-06,0.995435893535614
2005-01-07,0.9961593151092529
2005-01-10,0.9924032688140869
2005-01-11,0.9942594766616821
2005-01-12,0.9946957230567932
2005-01-13,0.9921827912330627
2005-01-14,0.9938867688179016
2005-01-18,0.9946293234825134
2005-01-19,0.9927048087120056
2005-01-20,0.9873850345611572
2005-01-21,0.9942917823791504
2005-01-24,0.9904392957687378
2005-01-25,0.9923200011253357
2005-01-26,0.9838231205940247
2005-01-27,0.9804528951644897
2005-01-28,0.9829939603805542
2005-01-31,0.961236298084259
2005-02-01,0.9921030402183533
2005-02-02,0.9940013289451599
2005-02-03,0.9928321838378906
2005-02-04,0.9980691075325012
2005-02-07,0.9971306920051575
2005-02-08,0.9974433183670044
2005-02-09,0.993740975856781
2005-02-10,0.9965226650238037
2005-02-11,0.9976018071174622
2005-02-14,0.9969040751457214
2005-02-15,0.9981802701950073
2005-02-16,0.9981802701950073
2005-02-17,0.9950874447822571
2005-02-18,0.9965079426765442
2005-02-22,0.9938737154006958
2005-02-23,0.9858418107032776
2005-02-24,0.9941337704658508
2005-02-25,0.9970149993896484
2005-02-28,0.9961881041526794
2005-03-01,0.9962611794471741
2005-03-02,0.9955175518989563
2005-03-03,0.9957588315010071
2005-03-04,0.9982542395591736
2005-03-07,0.9978098273277283
2005-03-08,0.9967584013938904
2005-03-09,0.9888327121734619
2005-03-10,0.9953941106796265
2005-03-11,0.9886464476585388
2005-03-14,0.9951423406600952
2005-03-15,0.9906824827194214
2005-03-16,0.9951105713844299
2005-03-17,0.9930238723754883
2005-03-18,0.9931117296218872
2005-03-21,0.9906195402145386
2005-03-22,0.9945968389511108
2005-03-23,0.9925772547721863
2005-03-24,0.9912359714508057
2005-03-28,0.9832005500793457
2005-03-29,0.9917913675308228
2005-03-30,0.9584596157073975
2005-03-31,0.9534398913383484
2005-04-01,0.9855241179466248
2005-04-04,0.983475923538208
2005-04-05,0.9514523148536682
2005-04-06,0.9431124329566956
2005-04-07,0.9844762682914734
2005-04-08,0.9665749073028564
2005-04-11,0.9690296649932861
2005-04-12,0.96602463722229
2005-04-13,0.9906389713287354
2005-04-14,0.9944367408752441
2005-04-15,0.9830271601676941
2005-04-18,0.9903136491775513
2005-04-19,0.989584743976593
2005-04-20,0.9717319011688232
2005-04-21,0.9392080307006836
2005-04-22,0.9820634126663208
2005-04-25,0.9600249528884888
2005-04-26,0.9830787181854248
2005-04-27,0.9695209264755249
2005-04-28,0.9652495980262756
2005-04-29,0.9490609169006348
2005-05-02,0.9539999961853027
2005-05-03,0.9539452195167542
2005-05-04,0.97603839635849
2005-05-05,0.9756120443344116
2005-05-06,0.9796357154846191
2005-05-09,0.9817200303077698
2005-05-10,0.9626300930976868
2005-05-11,0.9828231930732727
2005-05-12,0.9894734025001526
2005-05-13,0.9861639142036438
2005-05-16,0.9633708000183105
2005-05-17,0.979721188545227
2005-05-18,0.9883171916007996
2005-05-19,0.9898743629455566
2005-05-20,0.9928510189056396
2005-05-23,0.9969813227653503
2005-05-24,0.9950540065765381
2005-05-25,0.9949057102203369
2005-05-26,0.9972510933876038
2005-05-27,0.9977195858955383
2005-05-31,0.9956719875335693
2005-06-01,0.9964279532432556
2005-06-02,0.9970171451568604
2005-06-03,0.9962195754051208
2005-06-06,0.9955694079399109
2005-06-07,0.9956681728363037
2005-06-08,0.9937329888343811
2005-06-09,0.9955578446388245
2005-06-10,0.9955928921699524
2005-06-13,0.9955578446388245
2005-06-14,0.9956405162811279
2005-06-15,0.9965941309928894
2005-06-16,0.9980067610740662
2005-06-17,0.9981371164321899
2005-06-20,0.998212456703186
2005-06-21,0.9981448650360107
2005-06-22,0.9981448650360107
2005-06-23,0.9937698245048523
2005-06-24,0.993282675743103
2005-06-27,0.992172360420227
2005-06-28,0.9931675791740417
2005-06-29,0.9843459725379944
2005-06-30,0.9884480834007263
2005-07-01,0.9875279068946838
2005-07-05,0.992447018623352
2005-07-06,0.9910563230514526
2005-07-07,0.9885949492454529
2005-07-08,0.9954896569252014
2005-07-11,0.9958629608154297
2005-07-12,0.9974229335784912
2005-07-13,0.9975564479827881
2005-07-14,0.9983003735542297
2005-07-15,0.9980320334434509
2005-07-18,0.99601149559021
2005-07-19,0.9973798394203186
2005-07-20,0.9982432126998901
2005-07-21,0.9971256852149963
2005-07-22,0.9974216222763062
2005-07-25,0.9970176219940186
2005-07-26,0.9970351457595825
2005-07-27,0.9974856376647949
2005-07-28,0.9981086254119873
2005-07-29,0.9971045851707458
2005-08-01,0.9971367120742798
2005-08-02,0.997177004814148
2005-08-03,0.9975564479827881
2005-08-04,0.9963143467903137
2005-08-05,0.9935072660446167
2005-08-08,0.9929043650627136
2005-08-09,0.9958046078681946
2005-08-10,0.9955388903617859
2005-08-11,0.9951726794242859
2005-08-12,0.993845522403717
2005-08-15,0.9951894283294678
2005-08-16,0.9946824908256531
2005-08-17,0.9927843809127808
2005-08-18,0.9916907548904419
2005-08-19,0.9883710145950317
2005-08-22,0.9873161315917969
2005-08-23,0.988609790802002
2005-08-24,0.9939577579498291
2005-08-25,0.9919663667678833
2005-08-26,0.9888201355934143
2005-08-29,0.983725368976593
2005-08-30,0.9925801157951355
2005-08-31,0.9853526949882507
2005-09-01,0.971760094165802
2005-09-02,0.9742359519004822
2005-09-06,0.9955613613128662
2005-09-07,0.995240330696106
2005-09-08,0.994012176990509
2005-09-09,0.9982101917266846
2005-09-12,0.9952588677406311
2005-09-13,0.9940937161445618
2005-09-14,0.9877673387527466
2005-09-15,0.9846782684326172
2005-09-16,0.9941909909248352
2005-09-19,0.9932337403297424
2005-09-20,0.9860590100288391
2005-09-21,0.9919244647026062
2005-09-22,0.9931806325912476
2005-09-23,0.9897236824035645
2005-09-26,0.9848288893699646
2005-09-27,0.9851738810539246
2005-09-28,0.9773167967796326
2005-09-29,0.9860179424285889
2005-09-30,0.9921030402183533
2005-10-03,0.986644446849823
2005-10-04,0.9920580983161926
2005-10-05,0.9945763349533081
2005-10-06,0.9947138428688049
2005-10-07,0.9881002902984619
2005-10-10,0.9910730719566345
2005-10-11,0.9927465319633484
2005-10-12,0.9923067688941956
2005-10-13,0.989329993724823
2005-10-14,0.9810818433761597
2005-10-17,0.9718338251113892
2005-10-18,0.9919677376747131
2005-10-19,0.9650077819824219
2005-10-20,0.9832795858383179
2005-10-21,0.9878532886505127
2005-10-24,0.9674227833747864
2005-10-25,0.9629891514778137
2005-10-26,0.9720902442932129
2005-10-27,0.9827699661254883
2005-10-28,0.9627559185028076
2005-10-31,0.979427695274353
2005-11-01,0.9726619124412537
2005-11-02,0.9853082299232483
2005-11-03,0.985405683517456
2005-11-04,0.991042971611023
2005-11-07,0.9928841590881348
2005-11-08,0.9926401376724243
2005-11-09,0.9932234287261963
2005-11-10,0.9976139068603516
2005-11-11,0.9964205026626587
2005-11-14,0.997945249080658
2005-11-15,0.995893120765686
2005-11-16,0.9961223006248474
2005-11-17,0.9980847835540771
2005-11-18,0.9970158338546753
2005-11-21,0.9979915618896484
2005-11-22,0.9976599216461182
2005-11-23,0.9980435371398926
2005-11-25,0.9977120161056519
2005-11-28,0.9972826242446899
2005-11-29,0.9971753358840942
2005-11-30,0.9956627488136292
2005-12-01,0.9973266124725342
2005-12-02,0.9974091649055481
2005-12-05,0.9969105124473572
2005-12-06,0.9971717000007629
2005-12-07,0.9961405396461487
2005-12-08,0.9961112141609192
2005-12-09,0.9965236783027649
2005-12-12,0.9966230392456055
2005-12-13,0.9976358413696289
2005-12-14,0.9980359673500061
2005-12-15,0.9970351457595825
2005-12-16,0.9966714382171631
2005-12-19,0.9940513968467712
2005-12-20,0.9960756897926331
2005-12-21,0.9965813755989075
2005-12-22,0.9970557689666748
2005-12-23,0.9970557689666748
2005-12-27,0.9918283224105835
2005-12-28,0.9948028326034546
2005-12-29,0.9942295551300049
2005-12-30,0.992439866065979
2006-01-03,0.9976466298103333
2006-01-04,0.9981012940406799
2006-01-05,0.9975222945213318
2006-01-06,0.9983730316162109
2006-01-09,0.9981151819229126
2006-01-10,0.9983698725700378
2006-01-11,0.997945249080658
2006-01-12,0.9981943964958191
2006-01-13,0.9978471994400024
2006-01-17,0.9970322847366333
2006-01-18,0.9971924424171448
2006-01-19,0.9971254467964172
2006-01-20,0.9983008503913879
2006-01-23,0.997477114200592
2006-01-24,0.9963709115982056
2006-01-25,0.9961417317390442
2006-01-26,0.9962659478187561
2006-01-27,0.9974899291992188
2006-01-30,0.9967756867408752
2006-01-31,0.9967999458312988
2006-02-01,0.9969372749328613
2006-02-02,0.9976922273635864
2006-02-03,0.9966524243354797
2006-02-06,0.9958399534225464
2006-02-07,0.9968484044075012
2006-02-08,0.9917145371437073
2006-02-09,0.9942615032196045
2006-02-10,0.9886783957481384
2006-02-13,0.9935179948806763
2006-02-14,0.9966388940811157
2006-02-15,0.9965274930000305
2006-02-16,0.9978105425834656
2006-02-17,0.9973178505897522
2006-02-21,0.9969413876533508
2006-02-22,0.9973078966140747
2006-02-23,0.9968776702880859
2006-02-24,0.9972730278968811
2006-02-27,0.9969587326049805
2006-02-28,0.9936051964759827
2006-03-01,0.996925413608551
2006-03-02,0.9971657395362854
2006-03-03,0.996925413608551
2006-03-06,0.9960397481918335
2006-03-07,0.9959718585014343
2006-03-08,0.9946202039718628
2006-03-09,0.9958567023277283
2006-03-10,0.9965144991874695
2006-03-13,0.9962133765220642
2006-03-14,0.9981946349143982
2006-03-15,0.9988704323768616
2006-03-16,0.9985324144363403
2006-03-17,0.9985324144363403
2006-03-20,0.998458743095398
2006-03-21,0.9968005418777466
2006-03-22,0.9976726174354553
2006-03-23,0.9971377849578857
2006-03-24,0.9967398047447205
2006-03-27,0.9970769882202148
2006-03-28,0.9965845346450806
2006-03-29,0.9971576929092407
2006-03-30,0.9968260526657104
2006-03-31,0.9962982535362244
2006-04-03,0.9966260194778442
2006-04-04,0.9965655207633972
2006-04-05,0.9980447292327881
2006-04-06,0.9970610737800598
2006-04-07,0.9950826168060303
2006-04-10,0.9957318902015686
2006-04-11,0.9957971572875977
2006-04-12,0.9965004920959473
2006-04-13,0.9954551458358765
2006-04-17,0.9947358965873718
2006-04-18,0.9974170923233032
2006-04-19,0.9970219731330872
2006-04-20,0.9970198273658752
2006-04-21,0.996857762336731
2006-04-24,0.9964001178741455
2006-04-25,0.996567964553833
2006-04-26,0.9968079924583435
2006-04-27,0.9967203736305237
2006-04-28,0.997017502784729
2006-05-01,0.9971292614936829
2006-05-02,0.9968045949935913
2006-05-03,0.9967690706253052
2006-05-04,0.9973633885383606
2006-05-05,0.9987196922302246
2006-05-08,0.9981926083564758
2006-05-09,0.9981327652931213
2006-05-10,0.9978929162025452
2006-05-11,0.9969032406806946
2006-05-12,0.9968987703323364
2006-05-15,0.9941149353981018
2006-05-16,0.9966837763786316
2006-05-17,0.9949743747711182
2006-05-18,0.9927511215209961
2006-05-19,0.996037483215332
2006-05-22,0.993894636631012
2006-05-23,0.9945583343505859
2006-05-24,0.9955272078514099
2006-05-25,0.9913755059242249
2006-05-26,0.991950273513794
2006-05-30,0.9749965667724609
2006-05-31,0.974876880645752
2006-06-01,0.9865247011184692
2006-06-02,0.9897157549858093
2006-06-05,0.9678899049758911
2006-06-06,0.9436880350112915
2006-06-07,0.959039032459259
2006-06-08,0.9913835525512695
2006-06-09,0.9912939667701721
2006-06-12,0.9762848019599915
2006-06-13,0.9414026141166687
2006-06-14,0.9431566596031189
2006-06-15,0.9848083257675171
2006-06-16,0.9757854342460632
2006-06-19,0.9735807180404663
2006-06-20,0.9905400276184082
2006-06-21,0.9830437302589417
2006-06-22,0.9863182306289673
2006-06-23,0.9801135063171387
2006-06-26,0.9726507663726807
2006-06-27,0.9929190278053284
2006-06-28,0.9839644432067871
2006-06-29,0.9784180521965027
2006-06-30,0.9846678376197815
2006-07-03,0.9964260458946228
2006-07-05,0.9968439340591431
2006-07-06,0.9958162903785706
2006-07-07,0.9951619505882263
2006-07-10,0.9935761094093323
2006-07-11,0.992967963218689
2006-07-12,0.9912543892860413
2006-07-13,0.9942952990531921
2006-07-14,0.9944983124732971
2006-07-17,0.9894434213638306
2006-07-18,0.9924523234367371
2006-07-19,0.9863274097442627
2006-07-20,0.9891564846038818
2006-07-21,0.9935059547424316
2006-07-24,0.9925727844238281
2006-07-25,0.9871723055839539
2006-07-26,0.9840850830078125
2006-07-27,0.9935374855995178
2006-07-28,0.9966579675674438
2006-07-31,0.9962515234947205
2006-08-01,0.9949883222579956
2006-08-02,0.9970592260360718
2006-08-03,0.9974964261054993
2006-08-04,0.9972883462905884
2006-08-07,0.9966676831245422
2006-08-08,0.9945914149284363
2006-08-09,0.9928690791130066
2006-08-10,0.993547260761261
2006-08-11,0.9932709336280823
2006-08-14,0.9933299422264099
2006-08-15,0.9979676604270935
2006-08-16,0.9985846281051636
2006-08-17,0.9984632730484009
2006-08-18,0.9973340034484863
2006-08-21,0.9987666606903076
2006-08-22,0.9986631870269775
2006-08-23,0.997637152671814
2006-08-24,0.9973276853561401
2006-08-25,0.9970610737800598
2006-08-28,0.9986110925674438
2006-08-29,0.9986492991447449
2006-08-30,0.9984787106513977
2006-08-31,0.9984293580055237
2006-09-01,0.9985190033912659
2006-09-05,0.9983899593353271
2006-09-06,0.9974019527435303
2006-09-07,0.9934383034706116
2006-09-08,0.9972661733627319
2006-09-11,0.9974483251571655
2006-09-12,0.9984201192855835
2006-09-13,0.9986602067947388
2006-09-14,0.9983792304992676
2006-09-15,0.9984704852104187
2006-09-18,0.9984704852104187
2006-09-19,0.9978308081626892
2006-09-20,0.9983955025672913
2006-09-21,0.9982365369796753
2006-09-22,0.9972533583641052
2006-09-25,0.9976467490196228
2006-09-26,0.9984344840049744
2006-09-27,0.9983698725700378
2006-09-28,0.9982596039772034
2006-09-29,0.9982037544250488
2006-10-02,0.9978623986244202
2006-10-03,0.9977529644966125
2006-10-04,0.9982011318206787
2006-10-05,0.9981697797775269
2006-10-06,0.998139500617981
2006-10-09,0.9982120990753174
2006-10-10,0.9983254075050354
2006-10-11,0.9978035092353821
2006-10-12,0.9977893829345703
2006-10-13,0.9968934059143066
2006-10-16,0.9970169067382812
2006-10-17,0.9982355833053589
2006-10-18,0.9979767203330994
2006-10-19,0.9980858564376831
2006-10-20,0.9978933930397034
2006-10-23,0.9979721903800964
2006-10-24,0.9977739453315735
2006-10-25,0.9969045519828796
2006-10-26,0.9970092177391052
2006-10-27,0.9967225193977356
2006-10-30,0.9971150159835815
2006-10-31,0.9970032572746277
2006-11-01,0.9931799173355103
2006-11-02,0.9969189167022705
2006-11-03,0.9967128038406372
2006-11-06,0.9972831010818481
2006-11-07,0.9977092742919922
2006-11-08,0.998276948928833
2006-11-09,0.997808039188385
2006-11-10,0.9978194236755371
2006-11-13,0.9975692629814148
2006-11-14,0.998276948928833
2006-11-15,0.9982311129570007
2006-11-16,0.9980723857879639
2006-11-17,0.9981814622879028
2006-11-20,0.9981585144996643
2006-11-21,0.9982299208641052
2006-11-22,0.9979798197746277
2006-11-24,0.9972295165061951
2006-11-27,0.9976229071617126
2006-11-28,0.9959942102432251
2006-11-29,0.9965014457702637
2006-11-30,0.9967362284660339
2006-12-01,0.9965059757232666
2006-12-04,0.9969747066497803
2006-12-05,0.9975778460502625
2006-12-06,0.9971822500228882
2006-12-07,0.9973637461662292
2006-12-08,0.996908962726593
2006-12-11,0.9975692629814148
2006-12-12,0.997417688369751
2006-12-13,0.997417688369751
2006-12-14,0.9981595873832703
2006-12-15,0.9981096982955933
2006-12-18,0.9967328310012817
2006-12-19,0.997042715549469
2006-12-20,0.997417688369751
2006-12-21,0.9968919157981873
2006-12-22,0.9919275045394897
2006-12-26,0.9970037341117859
2006-12-27,0.9976894855499268
2006-12-28,0.9972553849220276
2006-12-29,0.9971011281013489
2007-01-03,0.9992746710777283
2007-01-04,0.9992172718048096
2007-01-05,0.9988625049591064
2007-01-08,0.9989427924156189
2007-01-09,0.9989805817604065
2007-01-10,0.9988968372344971
2007-01-11,0.999225378036499
2007-01-12,0.9995390176773071
2007-01-16,0.9993993043899536
2007-01-17,0.9994499087333679
2007-01-18,0.9995540976524353
2007-01-19,0.9993483424186707
2007-01-22,0.9992893934249878
2007-01-23,0.9994043111801147
2007-01-24,0.9995566010475159
2007-01-25,0.9989381432533264
2007-01-26,0.9990191459655762
2007-01-29,0.9989418387413025
2007-01-30,0.9990166425704956
2007-01-31,0.9991958737373352
2007-02-01,0.9995269775390625
2007-02-02,0.9995269775390625
2007-02-05,0.9994833469390869
2007-02-06,0.9994688630104065
2007-02-07,0.9994933605194092
2007-02-08,0.9994654059410095
2007-02-09,0.9990874528884888
2007-02-12,0.9992672801017761
2007-02-13,0.9994475245475769
2007-02-14,0.999471127986908
2007-02-15,0.9995176792144775
2007-02-16,0.9993823766708374
2007-02-20,0.9994833469390869
2007-02-21,0.9994444251060486
2007-02-22,0.9995189905166626
2007-02-23,0.9994950294494629
2007-02-26,0.9994045495986938
2007-02-27,0.06480306386947632
2007-02-28,0.6579391360282898
2007-03-01,0.5237411856651306
2007-03-02,0.04949140176177025
2007-03-05,0.0678008571267128
2007-03-06,0.04272313416004181
2007-03-07,0.13672657310962677
2007-03-08,0.5185340642929077
2007-03-09,0.4776704013347626
2007-03-12,0.29690852761268616
2007-03-13,0.022947276011109352
2007-03-14,0.10510589927434921
2007-03-15,0.19030512869358063
2007-03-16,0.4456184506416321
2007-03-19,0.27623575925827026
2007-03-20,0.31685635447502136
2007-03-21,0.8527184724807739
2007-03-22,0.9942564368247986
2007-03-23,0.9955014586448669
2007-03-26,0.9976189732551575
2007-03-27,0.9987310767173767
2007-03-28,0.9983615279197693
2007-03-29,0.9980105757713318
2007-03-30,0.9981958270072937
2007-04-02,0.9979481101036072
2007-04-03,0.9980383515357971
2007-04-04,0.9984011054039001
2007-04-05,0.9987830519676208
2007-04-09,0.998725950717926
2007-04-10,0.998828113079071
2007-04-11,0.9992600083351135
2007-04-12,0.9988975524902344
2007-04-13,0.9994814991950989
2007-04-16,0.9994390606880188
2007-04-17,0.9993539452552795
2007-04-18,0.9993232488632202
2007-04-19,0.9995896220207214
2007-04-20,0.999542236328125
2007-04-23,0.9995507597923279
2007-04-24,0.9995421171188354
2007-04-25,0.9995253086090088
2007-04-26,0.9995027780532837
2007-04-27,0.9994620680809021
2007-04-30,0.9996442794799805
2007-05-01,0.9996007084846497
2007-05-02,0.9995404481887817
2007-05-03,0.9994657635688782
2007-05-04,0.9994457364082336
2007-05-07,0.9994459748268127
2007-05-08,0.9995614886283875
2007-05-09,0.9994989633560181
2007-05-10,0.9993065595626831
2007-05-11,0.9995562434196472
2007-05-14,0.999618411064148
2007-05-15,0.9996656179428101
2007-05-16,0.9993608593940735
2007-05-17,0.9994670748710632
2007-05-18,0.9994459748268127
2007-05-21,0.999488353729248
2007-05-22,0.9994619488716125
2007-05-23,0.9994619488716125
2007-05-24,0.9993031024932861
2007-05-25,0.9994231462478638
2007-05-29,0.9996026158332825
2007-05-30,0.9994932413101196
2007-05-31,0.9993405938148499
2007-06-01,0.999488353729248
2007-06-04,0.9995157718658447
2007-06-05,0.9995858073234558
2007-06-06,0.9992637038230896
2007-06-07,0.999273955821991
2007-06-08,0.9989221096038818
2007-06-11,0.9982830286026001
2007-06-12,0.9987804293632507
2007-06-13,0.9987285733222961
2007-06-14,0.9991053938865662
2007-06-15,0.998974084854126
2007-06-18,0.9992915391921997
2007-06-19,0.9991200566291809
2007-06-20,0.9990481734275818
2007-06-21,0.998820960521698
2007-06-22,0.9987969398498535
2007-06-25,0.9982140064239502
2007-06-26,0.9987213015556335
2007-06-27,0.9969297051429749
2007-06-28,0.9968159794807434
2007-06-29,0.9972606897354126
2007-07-02,0.9985206723213196
2007-07-03,0.9987591505050659
2007-07-05,0.998725950717926
2007-07-06,0.9989527463912964
2007-07-09,0.9990310668945312
2007-07-10,0.9988321661949158
2007-07-11,0.9987456798553467
2007-07-12,0.9987718462944031
2007-07-13,0.9993194341659546
2007-07-16,0.9993674159049988
2007-07-17,0.9990195035934448
2007-07-18,0.9994094371795654
2007-07-19,0.9988884329795837
2007-07-20,0.9989153146743774
2007-07-23,0.9991499185562134
2007-07-24,0.9990562796592712
2007-07-25,0.9987667798995972
2007-07-26,0.6620895266532898
2007-07-27,0.02597670815885067
2007-07-30,0.020637698471546173
2007-07-31,0.013759360648691654
2007-08-01,0.020340794697403908
2007-08-02,0.03430378809571266
2007-08-03,0.008193313144147396
2007-08-06,0.004778844770044088
2007-08-07,0.01899242401123047
2007-08-08,0.08906547725200653
2007-08-09,0.006191229913383722
2007-08-10,0.00586726563051343
2007-08-13,0.005782400723546743
2007-08-14,0.006603583227843046
2007-08-15,0.01128434855490923
2007-08-16,0.005903645418584347
2007-08-17,0.006399608217179775
2007-08-20,0.007453750818967819
2007-08-21,0.007479455787688494
2007-08-22,0.053134359419345856
2007-08-23,0.028266483917832375
2007-08-24,0.08426261693239212
2007-08-27,0.07326295226812363
2007-08-28,0.008282769471406937
2007-08-29,0.11520106345415115
2007-08-30,0.08983225375413895
2007-08-31,0.1385558843612671
2007-09-04,0.3909337520599365
2007-09-05,0.14660249650478363
2007-09-06,0.23173125088214874
2007-09-07,0.09233555942773819
2007-09-10,0.029173916205763817
2007-09-11,0.03443603217601776
2007-09-12,0.062786765396595
2007-09-13,0.3481351137161255
2007-09-14,0.34642359614372253
2007-09-17,0.23050449788570404
2007-09-18,0.9924817681312561
2007-09-19,0.9962792992591858
2007-09-20,0.9782813787460327
2007-09-21,0.9881241917610168
2007-09-24,0.9739595055580139
2007-09-25,0.9873371720314026
2007-09-26,0.9790263175964355
2007-09-27,0.9948358535766602
2007-09-28,0.99636310338974
2007-10-01,0.9969345331192017
2007-10-02,0.9966680407524109
2007-10-03,0.9995595812797546
2007-10-04,0.9995239973068237
2007-10-05,0.9994584918022156
2007-10-08,0.9995658993721008
2007-10-09,0.9994588494300842
2007-10-10,0.9996205568313599
2007-10-11,0.9995312690734863
2007-10-12,0.999524712562561
2007-10-15,0.9995319843292236
2007-10-16,0.9991278052330017
2007-10-17,0.9993953704833984
2007-10-18,0.999152421951294
2007-10-19,0.48903688788414
2007-10-22,0.6046106219291687
2007-10-23,0.8326427340507507
2007-10-24,0.9209147691726685
2007-10-25,0.9363687038421631
2007-10-26,0.9700492024421692
2007-10-29,0.9671300053596497
2007-10-30,0.9882578253746033
2007-10-31,0.9984795451164246
2007-11-01,0.3014141917228699
2007-11-02,0.3663228452205658
2007-11-05,0.2530619204044342
2007-11-06,0.6145249009132385
2007-11-07,0.008855558931827545
2007-11-08,0.0063699777238070965
2007-11-09,0.012043585069477558
2007-11-12,0.011518574319779873
2007-11-13,0.01706576533615589
2007-11-14,0.010308275930583477
2007-11-15,0.005719243548810482
2007-11-16,0.006348351016640663
2007-11-19,0.006710239220410585
2007-11-20,0.0067811040207743645
2007-11-21,0.007531923707574606
2007-11-23,0.005695374216884375
2007-11-26,0.005001841112971306
2007-11-27,0.006083219312131405
2007-11-28,0.14658048748970032
2007-11-29,0.12114541977643967
2007-11-30,0.32796573638916016
2007-12-03,0.12975098192691803
2007-12-04,0.06753742694854736
2007-12-05,0.2506820857524872
2007-12-06,0.8212082982063293
2007-12-07,0.8029965162277222
2007-12-10,0.8633043169975281
2007-12-11,0.21242579817771912
2007-12-12,0.5964828729629517
2007-12-13,0.39450952410697937
2007-12-14,0.15719956159591675
2007-12-17,0.011436045169830322
2007-12-18,0.03405263274908066
2007-12-19,0.032443054020404816
2007-12-20,0.04548519477248192
2007-12-21,0.2992349863052368
2007-12-24,0.5921048521995544
2007-12-26,0.6553400158882141
2007-12-27,0.08024642616510391
2007-12-28,0.07449115067720413
2007-12-31,0.06913822889328003
2008-01-02,0.023158999159932137
2008-01-03,0.032318275421857834
2008-01-04,0.0029620567802339792
2008-01-07,0.01637282595038414
2008-01-08,0.0027428846806287766
2008-01-09,0.015328052453696728
2008-01-10,0.016309767961502075
2008-01-11,0.01434343308210373
2008-01-14,0.01855338364839554
2008-01-15,0.0023440499790012836
2008-01-16,0.0025040407199412584
2008-01-17,0.0028119923081249
2008-01-18,0.0026096152141690254
2008-01-22,0.0026210369542241096
2008-01-23,0.0023182628210633993
2008-01-24,0.0024286857806146145
2008-01-25,0.002563754329457879
2008-01-28,0.0022147514391690493
2008-01-29,0.0024916313122957945
2008-01-30,0.002575937658548355
2008-01-31,0.0033118827268481255
2008-02-01,0.007005343679338694
2008-02-04,0.0030956638511270285
2008-02-05,0.002883529756218195
2008-02-06,0.002477959031239152
2008-02-07,0.002356119453907013
2008-02-08,0.0023097884841263294
2008-02-11,0.0023070890456438065
2008-02-12,0.0024306075647473335
2008-02-13,0.004358858335763216
2008-02-14,0.003239130135625601
2008-02-15,0.0029472496826201677
2008-02-19,0.03517313674092293
2008-02-20,0.04112657532095909
2008-02-21,0.0208202563226223
2008-02-22,0.028303494676947594
2008-02-25,0.11208248138427734
2008-02-26,0.10005807131528854
2008-02-27,0.13255617022514343
2008-02-28,0.03661466762423515
2008-02-29,0.018112611025571823
2008-03-03,0.019831325858831406
2008-03-04,0.01895398460328579
2008-03-05,0.023398898541927338
2008-03-06,0.003860822878777981
2008-03-07,0.004187168087810278
2008-03-10,0.0029750156681984663
2008-03-11,0.0034150711726397276
2008-03-12,0.0033011622726917267
2008-03-13,0.015855886042118073
2008-03-14,0.004228514619171619
2008-03-17,0.00438830116763711
2008-03-18,0.015623623505234718
2008-03-19,0.00231899949721992
2008-03-20,0.0024667272809892893
2008-03-24,0.0037046701181679964
2008-03-25,0.004103848244994879
2008-03-26,0.00359913008287549
2008-03-27,0.003979764878749847
2008-03-28,0.0032979489769786596
2008-03-31,0.003906530328094959
2008-04-01,0.050923313945531845
2008-04-02,0.0925886332988739
2008-04-03,0.0932823121547699
2008-04-04,0.08117423206567764
2008-04-07,0.06739242374897003
2008-04-08,0.12024498730897903
2008-04-09,0.1662764996290207
2008-04-10,0.22641249001026154
2008-04-11,0.018303638324141502
2008-04-14,0.02055070549249649
2008-04-15,0.01852095127105713
2008-04-16,0.10964247584342957
2008-04-17,0.1880326122045517
2008-04-18,0.17051969468593597
2008-04-21,0.15955685079097748
2008-04-22,0.1496790647506714
2008-04-23,0.18416224420070648
2008-04-24,0.08773672580718994
2008-04-25,0.47010740637779236
2008-04-28,0.5518085360527039
2008-04-29,0.555178165435791
2008-04-30,0.18457254767417908
2008-05-01,0.7862403988838196
2008-05-02,0.9052530527114868
2008-05-05,0.9148256182670593
2008-05-06,0.9790859818458557
2008-05-07,0.17530499398708344
2008-05-08,0.08027935773134232
2008-05-09,0.09579268842935562
2008-05-12,0.37790417671203613
2008-05-13,0.5797700881958008
2008-05-14,0.770473062992096
2008-05-15,0.9658980369567871
2008-05-16,0.9850673675537109
2008-05-19,0.9985174536705017
2008-05-20,0.9855079054832458
2008-05-21,0.3442639410495758
2008-05-22,0.20921671390533447
2008-05-23,0.3630044758319855
2008-05-27,0.1999375969171524
2008-05-28,0.30498260259628296
2008-05-29,0.2422356754541397
2008-05-30,0.3752518594264984
2008-06-02,0.10439789295196533
2008-06-03,0.12095431983470917
2008-06-04,0.10107023268938065
2008-06-05,0.6836633682250977
2008-06-06,0.014851728454232216
2008-06-09,0.04505769535899162
2008-06-10,0.05729808285832405
2008-06-11,0.017133967950940132
2008-06-12,0.035379406064748764
2008-06-13,0.03986180201172829
2008-06-16,0.0430709533393383
2008-06-17,0.040641896426677704
2008-06-18,0.033879417926073074
2008-06-19,0.04550280421972275
2008-06-20,0.047845639288425446
2008-06-23,0.03201393410563469
2008-06-24,0.03319641575217247
2008-06-25,0.03542833402752876
2008-06-26,0.012164565734565258
2008-06-27,0.010899447835981846
2008-06-30,0.014486679807305336
2008-07-01,0.012777767144143581
2008-07-02,0.011291006579995155
2008-07-03,0.01261373795568943
2008-07-07,0.012979338876903057
2008-07-08,0.013992050662636757
2008-07-09,0.00921543687582016
2008-07-10,0.011574716307222843
2008-07-11,0.011867768131196499
2008-07-14,0.012230763211846352
2008-07-15,0.0026245370972901583
2008-07-16,0.010672424919903278
2008-07-17,0.013908198103308678
2008-07-18,0.013842392712831497
2008-07-21,0.022854257375001907
2008-07-22,0.023328078910708427
2008-07-23,0.026874380186200142
2008-07-24,0.01533586997538805
2008-07-25,0.018630309030413628
2008-07-28,0.018482334911823273
2008-07-29,0.01622859761118889
2008-07-30,0.04455501213669777
2008-07-31,0.01664811559021473
2008-08-01,0.013414849527180195
2008-08-04,0.015297279693186283
2008-08-05,0.06365380436182022
2008-08-06,0.059400130063295364
2008-08-07,0.021108105778694153
2008-08-08,0.06978494673967361
2008-08-11,0.09045057743787766
2008-08-12,0.07611159980297089
2008-08-13,0.13182289898395538
2008-08-14,0.19403699040412903
2008-08-15,0.2030688375234604
2008-08-18,0.04798858240246773
2008-08-19,0.01793806441128254
2008-08-20,0.036509983241558075
2008-08-21,0.02984706126153469
2008-08-22,0.2068963646888733
2008-08-25,0.011818905360996723
2008-08-26,0.022002149373292923
2008-08-27,0.2038770616054535
2008-08-28,0.0969901829957962
2008-08-29,0.18735121190547943
2008-09-02,0.02820161171257496
2008-09-03,0.03256133571267128
2008-09-04,0.002883529756218195
2008-09-05,0.0021863908041268587
2008-09-08,0.012246765196323395
2008-09-09,0.0025901636108756065
2008-09-10,0.002183062257245183
2008-09-11,0.0025220622774213552
2008-09-12,0.0023619213607162237
2008-09-15,0.002797165885567665
2008-09-16,0.0021618816535919905
2008-09-17,0.002727764891460538
2008-09-18,0.002433422254398465
2008-09-19,0.002402394777163863
2008-09-22,0.0021494831889867783
2008-09-23,0.0025901636108756065
2008-09-24,0.0022449337411671877
2008-09-25,0.002331564901396632
2008-09-26,0.002393916482105851
2008-09-29,0.002883529756218195
2008-09-30,0.002154309768229723
2008-10-01,0.002154309768229723
2008-10-02,0.002797165885567665
2008-10-03,0.002797165885567665
2008-10-06,0.0028119923081249
2008-10-07,0.0028119923081249
2008-10-08,0.0028119923081249
2008-10-09,0.0028119923081249
2008-10-10,0.0028119923081249
2008-10-13,0.0024193550925701857
2008-10-14,0.002305339090526104
2008-10-15,0.002727764891460538
2008-10-16,0.002225392498075962
2008-10-17,0.002233213512226939
2008-10-20,0.0024193550925701857
2008-10-21,0.00204098760150373
2008-10-22,0.002797165885567665
2008-10-23,0.002498897258192301
2008-10-24,0.002883529756218195
2008-10-27,0.0028119923081249
2008-10-28,0.002439901465550065
2008-10-29,0.0024366446305066347
2008-10-30,0.0019453105051070452
2008-10-31,0.002003694651648402
2008-11-03,0.002167053520679474
2008-11-04,0.002571142977103591
2008-11-05,0.00282290275208652
2008-11-06,0.002883529756218195
2008-11-07,0.001964450115337968
2008-11-10,0.002484570723026991
2008-11-11,0.002883529756218195
2008-11-12,0.002883529756218195
2008-11-13,0.0024051263462752104
2008-11-14,0.002797165885567665
2008-11-17,0.002797165885567665
2008-11-18,0.002225392498075962
2008-11-19,0.002727764891460538
2008-11-20,0.0028119923081249
2008-11-21,0.00204098760150373
2008-11-24,0.0024552447721362114
2008-11-25,0.0024205476511269808
2008-11-26,0.0016027847304940224
2008-11-28,0.0021366949658840895
2008-12-01,0.002797165885567665
2008-12-02,0.0024576729629188776
2008-12-03,0.002272732788696885
2008-12-04,0.0021384411957114935
2008-12-05,0.002181685296818614
2008-12-08,0.003343887161463499
2008-12-09,0.003513576462864876
2008-12-10,0.0031809168867766857
2008-12-11,0.0025210464373230934
2008-12-12,0.0026908055879175663
2008-12-15,0.002204094547778368
2008-12-16,0.0039011621847748756
2008-12-17,0.004352448042482138
2008-12-18,0.003039652481675148
2008-12-19,0.0035039964132010937
2008-12-22,0.0023022328969091177
2008-12-23,0.002407655119895935
2008-12-24,0.002323520602658391
2008-12-26,0.0021148156374692917
2008-12-29,0.0017399240750819445
2008-12-30,0.004805974196642637
2008-12-31,0.005188090726733208
2009-01-02,0.7643874883651733
2009-01-05,0.7056034207344055
2009-01-06,0.9683740735054016
2009-01-07,0.33350661396980286
2009-01-08,0.36133360862731934
2009-01-09,0.4145633578300476
2009-01-12,0.006008406635373831
2009-01-13,0.004656126257032156
2009-01-14,0.0033849477767944336
2009-01-15,0.0028677829541265965
2009-01-16,0.003635076340287924
2009-01-20,0.004192368593066931
2009-01-21,0.0025997604243457317
2009-01-22,0.0019671416375786066
2009-01-23,0.00332770892418921
2009-01-26,0.0038036394398659468
2009-01-27,0.0044653816148638725
2009-01-28,0.09931237250566483
2009-01-29,0.004992260131984949
2009-01-30,0.0031102870125323534
2009-02-02,0.0027345367707312107
2009-02-03,0.006166840437799692
2009-02-04,0.004523297306150198
2009-02-05,0.019452553242444992
2009-02-06,0.15635812282562256
2009-02-09,0.20452669262886047
2009-02-10,0.004724578466266394
2009-02-11,0.004900738596916199
2009-02-12,0.0061651431024074554
2009-02-13,0.0045778085477650166
2009-02-17,0.003259229240939021
2009-02-18,0.0028378383722156286
2009-02-19,0.004318032413721085
2009-02-20,0.005673048552125692
2009-02-23,0.004125650972127914
2009-02-24,0.0023191056679934263
2009-02-25,0.00332770892418921
2009-02-26,0.0033338714856654406
2009-02-27,0.004125650972127914
2009-03-02,0.004125650972127914
2009-03-03,0.004733171779662371
2009-03-04,0.0037244518753141165
2009-03-05,0.0035926413256675005
2009-03-06,0.003185031935572624
2009-03-09,0.0035192121285945177
2009-03-10,0.0028946027159690857
2009-03-11,0.0027691570576280355
2009-03-12,0.005983590614050627
2009-03-13,0.007206904236227274
2009-03-16,0.0058010052889585495
2009-03-17,0.10874518752098083
2009-03-18,0.4048762321472168
2009-03-19,0.1818576157093048
2009-03-20,0.012011407874524593
2009-03-23,0.9370906949043274
2009-03-24,0.905961275100708
2009-03-25,0.9520851373672485
2009-03-26,0.9312894940376282
2009-03-27,0.9700839519500732
2009-03-30,0.6651727557182312
2009-03-31,0.34239304065704346
2009-04-01,0.7717608213424683
2009-04-02,0.9305877089500427
2009-04-03,0.9403352737426758
2009-04-06,0.969058096408844
2009-04-07,0.9659227132797241
2009-04-08,0.9606295228004456
2009-04-09,0.9508501291275024
2009-04-13,0.9571388363838196
2009-04-14,0.953078031539917
2009-04-15,0.9726114273071289
2009-04-16,0.9778473377227783
2009-04-17,0.9749189019203186
2009-04-20,0.9486663937568665
2009-04-21,0.9699493646621704
2009-04-22,0.9719319939613342
2009-04-23,0.9584440588951111
2009-04-24,0.949478268623352
2009-04-27,0.9702277779579163
2009-04-28,0.9753970503807068
2009-04-29,0.9537910223007202
2009-04-30,0.980148434638977
2009-05-01,0.9817172288894653
2009-05-04,0.9802046418190002
2009-05-05,0.9894830584526062
2009-05-06,0.9917017817497253
2009-05-07,0.9947097301483154
2009-05-08,0.991328775882721
2009-05-11,0.9835243225097656
2009-05-12,0.9922778606414795
2009-05-13,0.9797543883323669
2009-05-14,0.9769158959388733
2009-05-15,0.932069718837738
2009-05-18,0.9912028312683105
2009-05-19,0.9953526258468628
2009-05-20,0.9968332648277283
2009-05-21,0.9974760413169861
2009-05-22,0.9945012331008911
2009-05-26,0.9939268231391907
2009-05-27,0.9896773099899292
2009-05-28,0.9934456944465637
2009-05-29,0.9926809668540955
2009-06-01,0.9927086234092712
2009-06-02,0.991710901260376
2009-06-03,0.9970870614051819
2009-06-04,0.994356095790863
2009-06-05,0.9925701022148132
2009-06-08,0.9942867159843445
2009-06-09,0.9898624420166016
2009-06-10,0.9923834204673767
2009-06-11,0.9933218359947205
2009-06-12,0.9936542510986328
2009-06-15,0.9950159192085266
2009-06-16,0.9940356016159058
2009-06-17,0.9929748773574829
2009-06-18,0.9905359148979187
2009-06-19,0.987277090549469
2009-06-22,0.6793073415756226
2009-06-23,0.5654647350311279
2009-06-24,0.9400193095207214
2009-06-25,0.9888389706611633
2009-06-26,0.9913259148597717
2009-06-29,0.9853417873382568
2009-06-30,0.9929434657096863
2009-07-01,0.9959772229194641
2009-07-02,0.7311042547225952
2009-07-06,0.5872289538383484
2009-07-07,0.1813706010580063
2009-07-08,0.21809665858745575
2009-07-09,0.27945756912231445
2009-07-10,0.5717934966087341
2009-07-13,0.9594210982322693
2009-07-14,0.9811455607414246
2009-07-15,0.9917920827865601
2009-07-16,0.9875741600990295
2009-07-17,0.987371563911438
2009-07-20,0.9850128889083862
2009-07-21,0.9838453531265259
2009-07-22,0.9898741245269775
2009-07-23,0.9896712899208069
2009-07-24,0.9874072074890137
2009-07-27,0.9929167032241821
2009-07-28,0.9945768117904663
2009-07-29,0.995886504650116
2009-07-30,0.9927347898483276
2009-07-31,0.9921255707740784
2009-08-03,0.9840949177742004
2009-08-04,0.9931249618530273
2009-08-05,0.9959040284156799
2009-08-06,0.9969232678413391
2009-08-07,0.9936498999595642
2009-08-10,0.9963588118553162
2009-08-11,0.9967204928398132
2009-08-12,0.9965805411338806
2009-08-13,0.9941673278808594
2009-08-14,0.9974576830863953
2009-08-17,0.9659983515739441
2009-08-18,0.9563584327697754
2009-08-19,0.9876751899719238
2009-08-20,0.9730603098869324
2009-08-21,0.9756684303283691
2009-08-24,0.9827250838279724
2009-08-25,0.9906895160675049
2009-08-26,0.9961125254631042
2009-08-27,0.9954003691673279
2009-08-28,0.9963680505752563
2009-08-31,0.9971073269844055
2009-09-01,0.9198790788650513
2009-09-02,0.9546751976013184
2009-09-03,0.9331844449043274
2009-09-04,0.9796565771102905
2009-09-08,0.9836559295654297
2009-09-09,0.9917179346084595
2009-09-10,0.985282301902771
2009-09-11,0.9950523972511292
2009-09-14,0.9924551248550415
2009-09-15,0.9959245920181274
2009-09-16,0.996113657951355
2009-09-17,0.9981613755226135
2009-09-18,0.9986786246299744
2009-09-21,0.9990986585617065
2009-09-22,0.9988202452659607
2009-09-23,0.9987724423408508
2009-09-24,0.9986182451248169
2009-09-25,0.9976693987846375
2009-09-28,0.996771514415741
2009-09-29,0.9988712668418884
2009-09-30,0.9995954632759094
2009-10-01,0.9402899742126465
2009-10-02,0.7799362540245056
2009-10-05,0.9334410429000854
2009-10-06,0.9568597674369812
2009-10-07,0.991434633731842
2009-10-08,0.9943069815635681
2009-10-09,0.9959547519683838
2009-10-12,0.9966219663619995
2009-10-13,0.9978197813034058
2009-10-14,0.9892240166664124
2009-10-15,0.9969633221626282
2009-10-16,0.9985560774803162
2009-10-19,0.9989970326423645
2009-10-20,0.9994041919708252
2009-10-21,0.9997486472129822
2009-10-22,0.9993820190429688
2009-10-23,0.9869328141212463
2009-10-26,0.9955224990844727
2009-10-27,0.99428790807724
2009-10-28,0.9260794520378113
2009-10-29,0.9553478956222534
2009-10-30,0.3166910409927368
2009-11-02,0.3177887797355652
2009-11-03,0.7951252460479736
2009-11-04,0.8782760500907898
2009-11-05,0.9457600712776184
2009-11-06,0.9275243282318115
2009-11-09,0.946412205696106
2009-11-10,0.9499109983444214
2009-11-11,0.9684810638427734
2009-11-12,0.9619433879852295
2009-11-13,0.9771690964698792
2009-11-16,0.973412811756134
2009-11-17,0.9939364790916443
2009-11-18,0.9984092116355896
2009-11-19,0.9920523166656494
2009-11-20,0.9938597679138184
2009-11-23,0.9958752989768982
2009-11-24,0.9982220530509949
2009-11-25,0.9986622333526611
2009-11-27,0.9800375699996948
2009-11-30,0.9945628046989441
2009-12-01,0.993320882320404
2009-12-02,0.9967244267463684
2009-12-03,0.9946556091308594
2009-12-04,0.9982189536094666
2009-12-07,0.9971635937690735
2009-12-08,0.9909775257110596
2009-12-09,0.9957234859466553
2009-12-10,0.9934728741645813
2009-12-11,0.997864305973053
2009-12-14,0.9992406368255615
2009-12-15,0.9994990825653076
2009-12-16,0.9994242191314697
2009-12-17,0.9831972122192383
2009-12-18,0.9989057779312134
2009-12-21,0.9977356195449829
2009-12-22,0.9990468621253967
2009-12-23,0.999583899974823
2009-12-24,0.9994919300079346
2009-12-28,0.9995657801628113
2009-12-29,0.999612033367157
2009-12-30,0.9996470212936401
2009-12-31,0.9993886947631836
2010-01-04,0.9993987083435059
2010-01-05,0.9996310472488403
2010-01-06,0.9996991157531738
2010-01-07,0.9996310472488403
2010-01-08,0.9996310472488403
2010-01-11,0.9996893405914307
2010-01-12,0.9997902512550354
2010-01-13,0.9997496008872986
2010-01-14,0.9996991157531738
2010-01-15,0.9997441172599792
2010-01-19,0.9996310472488403
2010-01-20,0.9997270703315735
2010-01-21,0.9990972280502319
2010-01-22,0.9989859461784363
2010-01-25,0.9990725517272949
2010-01-26,0.9990021586418152
2010-01-27,0.9992054104804993
2010-01-28,0.9988852143287659
2010-01-29,0.9991536140441895
2010-02-01,0.9988414645195007
2010-02-02,0.9979756474494934
2010-02-03,0.9991248250007629
2010-02-04,0.9984664916992188
2010-02-05,0.9986633062362671
2010-02-08,0.9991059899330139
2010-02-09,0.9987242817878723
2010-02-10,0.9992144107818604
2010-02-11,0.9975106716156006
2010-02-12,0.9987530708312988
2010-02-16,0.9994601607322693
2010-02-17,0.9994925260543823
2010-02-18,0.9994925260543823
2010-02-19,0.9996784925460815
2010-02-22,0.9997377991676331
2010-02-23,0.9997163414955139
2010-02-24,0.999792754650116
2010-02-25,0.9997966885566711
2010-02-26,0.9997966885566711
2010-03-01,0.9994766116142273
2010-03-02,0.9996539354324341
2010-03-03,0.999717652797699
2010-03-04,0.9996987581253052
2010-03-05,0.9993628859519958
2010-03-08,0.9996190071105957
2010-03-09,0.9996700286865234
2010-03-10,0.9996190071105957
2010-03-11,0.9996190071105957
2010-03-12,0.9996893405914307
2010-03-15,0.9996950626373291
2010-03-16,0.9996190071105957
2010-03-17,0.9993544220924377
2010-03-18,0.9996893405914307
2010-03-19,0.9997590184211731
2010-03-22,0.9996991157531738
2010-03-23,0.9996310472488403
2010-03-24,0.9997590184211731
2010-03-25,0.9997590184211731
2010-03-26,0.9997590184211731
2010-03-29,0.9996991157531738
2010-03-30,0.9996991157531738
2010-03-31,0.9997590184211731
2010-04-01,0.9996805191040039
2010-04-05,0.9993987083435059
2010-04-06,0.9996190071105957
2010-04-07,0.9997590184211731
2010-04-08,0.9997496008872986
2010-04-09,0.9996310472488403
2010-04-12,0.9996991157531738
2010-04-13,0.9996893405914307
2010-04-14,0.99937903881073
2010-04-15,0.9996190071105957
2010-04-16,0.999705970287323
2010-04-19,0.9996867179870605
2010-04-20,0.9996310472488403
2010-04-21,0.9997590184211731
2010-04-22,0.9996991157531738
2010-04-23,0.9996310472488403
2010-04-26,0.9997590184211731
2010-04-27,0.9997163414955139
2010-04-28,0.999717652797699
2010-04-29,0.9993695616722107
2010-04-30,0.9997335076332092
2010-05-03,0.9996403455734253
2010-05-04,0.9990604519844055
2010-05-05,0.9990782737731934
2010-05-06,0.9902425408363342
2010-05-07,0.9899395108222961
2010-05-10,0.9652836918830872
2010-05-11,0.9682633876800537
2010-05-12,0.9938235282897949
2010-05-13,0.9867056012153625
2010-05-14,0.9882955551147461
2010-05-17,0.9881520867347717
2010-05-18,0.9926345944404602
2010-05-19,0.9954558610916138
2010-05-20,0.9612005949020386
2010-05-21,0.9646571278572083
2010-05-24,0.9709213376045227
2010-05-25,0.9727803468704224
2010-05-26,0.9747396111488342
2010-05-27,0.9176812767982483
2010-05-28,0.9614824056625366
2010-06-01,0.976060688495636
2010-06-02,0.9065021872520447
2010-06-03,0.9224504828453064
2010-06-04,0.9568518400192261
2010-06-07,0.969064474105835
2010-06-08,0.9585596919059753
2010-06-09,0.9718624949455261
2010-06-10,0.8778538107872009
2010-06-11,0.8835021257400513
2010-06-14,0.9565301537513733
2010-06-15,0.9948016405105591
2010-06-16,0.9956176280975342
2010-06-17,0.9973069429397583
2010-06-18,0.9995763897895813
2010-06-21,0.9996448755264282
2010-06-22,0.9963017702102661
2010-06-23,0.9965232610702515
2010-06-24,0.997378945350647
2010-06-25,0.9973721504211426
2010-06-28,0.9976993203163147
2010-06-29,0.9752447009086609
2010-06-30,0.9777448773384094
2010-07-01,0.9778193831443787
2010-07-02,0.9858637452125549
2010-07-06,0.9814627170562744
2010-07-07,0.993963897228241
2010-07-08,0.998138427734375
2010-07-09,0.9982174038887024
2010-07-12,0.9989700317382812
2010-07-13,0.9988827109336853
2010-07-14,0.9994316697120667
2010-07-15,0.9997294545173645
2010-07-16,0.9761139154434204
2010-07-19,0.9991419315338135
2010-07-20,0.9993529915809631
2010-07-21,0.9965232610702515
2010-07-22,0.9988669157028198
2010-07-23,0.9989669322967529
2010-07-26,0.9993385672569275
2010-07-27,0.9996310472488403
2010-07-28,0.9997590184211731
2010-07-29,0.9997966885566711
2010-07-30,0.9997966885566711
2010-08-02,0.9993160963058472
2010-08-03,0.9996991157531738
2010-08-04,0.9996310472488403
2010-08-05,0.9996991157531738
2010-08-06,0.9997590184211731
2010-08-09,0.9996991157531738
2010-08-10,0.9997664093971252
2010-08-11,0.9989952445030212
2010-08-12,0.998968243598938
2010-08-13,0.9986610412597656
2010-08-16,0.9988635778427124
2010-08-17,0.999625563621521
2010-08-18,0.9996315240859985
2010-08-19,0.9988119602203369
2010-08-20,0.9988833069801331
2010-08-23,0.9992519021034241
2010-08-24,0.9991270899772644
2010-08-25,0.9990975856781006
2010-08-26,0.9992590546607971
2010-08-27,0.9974174499511719
2010-08-30,0.9991270899772644
2010-08-31,0.9991554021835327
2010-09-01,0.9994114637374878
2010-09-02,0.9994207620620728
2010-09-03,0.9993160963058472
2010-09-07,0.9997356534004211
2010-09-08,0.9996539354324341
2010-09-09,0.9996310472488403
2010-09-10,0.9996310472488403
2010-09-13,0.9993829727172852
2010-09-14,0.9996310472488403
2010-09-15,0.9996310472488403
2010-09-16,0.9996893405914307
2010-09-17,0.9996950626373291
2010-09-20,0.9993628859519958
2010-09-21,0.9996490478515625
2010-09-22,0.9997590184211731
2010-09-23,0.9997664093971252
2010-09-24,0.9993808269500732
2010-09-27,0.9997544884681702
2010-09-28,0.9996991157531738
2010-09-29,0.9997590184211731
2010-09-30,0.9997590184211731
2010-10-01,0.9996991157531738
2010-10-04,0.9997902512550354
2010-10-05,0.9993808269500732
2010-10-06,0.9996310472488403
2010-10-07,0.9996991157531738
2010-10-08,0.9996310472488403
2010-10-11,0.9996991157531738
2010-10-12,0.9996893405914307
2010-10-13,0.99937903881073
2010-10-14,0.9997590184211731
2010-10-15,0.9996991157531738
2010-10-18,0.9996310472488403
2010-10-19,0.9997172951698303
2010-10-20,0.9997544884681702
2010-10-21,0.9997496008872986
2010-10-22,0.9996991157531738
2010-10-25,0.9996991157531738
2010-10-26,0.9996991157531738
2010-10-27,0.9997590184211731
2010-10-28,0.9997590184211731
2010-10-29,0.9997664093971252
2010-11-01,0.999758780002594
2010-11-02,0.9996190071105957
2010-11-03,0.9996190071105957
2010-11-04,0.9992936849594116
2010-11-05,0.9993628859519958
2010-11-08,0.9996991157531738
2010-11-09,0.9997590184211731
2010-11-10,0.9997590184211731
2010-11-11,0.9997590184211731
2010-11-12,0.9997441172599792
2010-11-15,0.9997828602790833
2010-11-16,0.9996641874313354
2010-11-17,0.9996641874313354
2010-11-18,0.9994581341743469
2010-11-19,0.9996675252914429
2010-11-22,0.9997743964195251
2010-11-23,0.9996641874313354
2010-11-24,0.9997232556343079
2010-11-26,0.9997163414955139
2010-11-29,0.9997739195823669
2010-11-30,0.9997150301933289
2010-12-01,0.9994431138038635
2010-12-02,0.9993135929107666
2010-12-03,0.9993987083435059
2010-12-06,0.9996991157531738
2010-12-07,0.9996991157531738
2010-12-08,0.9996893405914307
2010-12-09,0.9996190071105957
2010-12-10,0.9996190071105957
2010-12-13,0.9996893405914307
2010-12-14,0.9996893405914307
2010-12-15,0.9997590184211731
2010-12-16,0.9996991157531738
2010-12-17,0.9996991157531738
2010-12-20,0.9996991157531738
2010-12-21,0.9996190071105957
2010-12-22,0.9996190071105957
2010-12-23,0.9997046589851379
2010-12-27,0.9996950626373291
2010-12-28,0.9996950626373291
2010-12-29,0.9996950626373291
2010-12-30,0.9997590184211731
2010-12-31,0.9997511506080627
2011-01-03,0.9991082549095154
2011-01-04,0.9994078874588013
2011-01-05,0.99909508228302
2011-01-06,0.9990988969802856
2011-01-07,0.9990546107292175
2011-01-10,0.9992170333862305
2011-01-11,0.9993472695350647
2011-01-12,0.9991082549095154
2011-01-13,0.9992130994796753
2011-01-14,0.99909508228302
2011-01-18,0.999427855014801
2011-01-19,0.9991543292999268
2011-01-20,0.9990959167480469
2011-01-21,0.9991577863693237
2011-01-24,0.9990986585617065
2011-01-25,0.9993174076080322
2011-01-26,0.999114453792572
2011-01-27,0.9991239905357361
2011-01-28,0.9970434308052063
2011-01-31,0.9955635070800781
2011-02-01,0.995672881603241
2011-02-02,0.9989191293716431
2011-02-03,0.9990673661231995
2011-02-04,0.9990673661231995
2011-02-07,0.998437225818634
2011-02-08,0.99909508228302
2011-02-09,0.9990623593330383
2011-02-10,0.999103307723999
2011-02-11,0.9992973804473877
2011-02-14,0.999427855014801
2011-02-15,0.9990262985229492
2011-02-16,0.9992101192474365
2011-02-17,0.9991816878318787
2011-02-18,0.9991868138313293
2011-02-22,0.9969834685325623
2011-02-23,0.9972599744796753
2011-02-24,0.9981511235237122
2011-02-25,0.9961347579956055
2011-02-28,0.9980781078338623
2011-03-01,0.9927963614463806
2011-03-02,0.9956154823303223
2011-03-03,0.9837590456008911
2011-03-04,0.9931660294532776
2011-03-07,0.9944227337837219
2011-03-08,0.9957642555236816
2011-03-09,0.9986094236373901
2011-03-10,0.9852843880653381
2011-03-11,0.9834464192390442
2011-03-14,0.9908738136291504
2011-03-15,0.9826506972312927
2011-03-16,0.9087305665016174
2011-03-17,0.8605968356132507
2011-03-18,0.9130844473838806
2011-03-21,0.8984894156455994
2011-03-22,0.9754776954650879
2011-03-23,0.9956081509590149
2011-03-24,0.9868244528770447
2011-03-25,0.9703121781349182
2011-03-28,0.9959177374839783
2011-03-29,0.9724394679069519
2011-03-30,0.9968463778495789
2011-03-31,0.998212456703186
2011-04-01,0.9991976618766785
2011-04-04,0.9991438388824463
2011-04-05,0.9991384744644165
2011-04-06,0.9994315505027771
2011-04-07,0.9986028075218201
2011-04-08,0.9987909197807312
2011-04-11,0.9989646673202515
2011-04-12,0.9981271624565125
2011-04-13,0.9985535740852356
2011-04-14,0.9984398484230042
2011-04-15,0.9988186955451965
2011-04-18,0.9960702657699585
2011-04-19,0.9983856678009033
2011-04-20,0.9922812581062317
2011-04-21,0.9966368675231934
2011-04-25,0.9986489415168762
2011-04-26,0.9986864924430847
2011-04-27,0.9989161491394043
2011-04-28,0.9989572763442993
2011-04-29,0.9993289709091187
2011-05-02,0.9992871880531311
2011-05-03,0.9990956783294678
2011-05-04,0.9987527132034302
2011-05-05,0.9980729818344116
2011-05-06,0.9989171028137207
2011-05-09,0.9984850287437439
2011-05-10,0.9982060194015503
2011-05-11,0.9986274242401123
2011-05-12,0.9982814788818359
2011-05-13,0.9977772831916809
2011-05-16,0.9975927472114563
2011-05-17,0.9982289671897888
2011-05-18,0.9988710284233093
2011-05-19,0.9990941286087036
2011-05-20,0.9981234669685364
2011-05-23,0.996431827545166
2011-05-24,0.9980282187461853
2011-05-25,0.99744713306427
2011-05-26,0.9976678490638733
2011-05-27,0.9986496567726135
2011-05-31,0.9963249564170837
2011-06-01,0.9717581272125244
2011-06-02,0.9809873104095459
2011-06-03,0.9948745369911194
2011-06-06,0.9919382929801941
2011-06-07,0.9967404007911682
2011-06-08,0.9920248985290527
2011-06-09,0.9881719946861267
2011-06-10,0.985923171043396
2011-06-13,0.9898819327354431
2011-06-14,0.9833040237426758
2011-06-15,0.8819217085838318
2011-06-16,0.6976976990699768
2011-06-17,0.8746013045310974
2011-06-20,0.9846910834312439
2011-06-21,0.9811763167381287
2011-06-22,0.9925239682197571
2011-06-23,0.99167799949646
2011-06-24,0.9771386384963989
2011-06-27,0.9867136478424072
2011-06-28,0.9845518469810486
2011-06-29,0.9322419762611389
2011-06-30,0.9812859296798706
2011-07-01,0.9970957040786743
2011-07-05,0.9987635612487793
2011-07-06,0.9991497993469238
2011-07-07,0.9985470175743103
2011-07-08,0.9989097118377686
2011-07-11,0.9885740280151367
2011-07-12,0.9822726249694824
2011-07-13,0.9911066889762878
2011-07-14,0.9912720322608948
2011-07-15,0.9912577867507935
2011-07-18,0.9896038770675659
2011-07-19,0.9530152678489685
2011-07-20,0.9897342920303345
2011-07-21,0.9959285855293274
2011-07-22,0.9978501796722412
2011-07-25,0.9960808157920837
2011-07-26,0.9967877864837646
2011-07-27,0.9174422025680542
2011-07-28,0.9814071655273438
2011-07-29,0.9934192299842834
2011-08-01,0.990387499332428
2011-08-02,0.030614806339144707
2011-08-03,0.09672302007675171
2011-08-04,0.012101668864488602
2011-08-05,0.012750258669257164
2011-08-08,0.013573987409472466
2011-08-09,0.009452036581933498
2011-08-10,0.01566406711935997
2011-08-11,0.0064276522025465965
2011-08-12,0.0064930785447359085
2011-08-15,0.01355250645428896
2011-08-16,0.011964789591729641
2011-08-17,0.013750971294939518
2011-08-18,0.01459625456482172
2011-08-19,0.013573202304542065
2011-08-22,0.01164091844111681
2011-08-23,0.00893098022788763
2011-08-24,0.010717569850385189
2011-08-25,0.009493354707956314
2011-08-26,0.013048947788774967
2011-08-29,0.2525636851787567
2011-08-30,0.4770221412181854
2011-08-31,0.31887534260749817
2011-09-01,0.47894835472106934
2011-09-02,0.06402032822370529
2011-09-06,0.03166385740041733
2011-09-07,0.3599158525466919
2011-09-08,0.10590532422065735
2011-09-09,0.04430997744202614
2011-09-12,0.01591324619948864
2011-09-13,0.057669613510370255
2011-09-14,0.34452539682388306
2011-09-15,0.3106098175048828
2011-09-16,0.5012115836143494
2011-09-19,0.44555479288101196
2011-09-20,0.5583121180534363
2011-09-21,0.0827253982424736
2011-09-22,0.02504352480173111
2011-09-23,0.020540673285722733
2011-09-26,0.06482546776533127
2011-09-27,0.2300989329814911
2011-09-28,0.02318929135799408
2011-09-29,0.09320569038391113
2011-09-30,0.01820974051952362
2011-10-03,0.027145687490701675
2011-10-04,0.022099075838923454
2011-10-05,0.023301323875784874
2011-10-06,0.30650126934051514
2011-10-07,0.18788835406303406
2011-10-10,0.7248579859733582
2011-10-11,0.7174012064933777
2011-10-12,0.8201748132705688
2011-10-13,0.910589873790741
2011-10-14,0.9802244305610657
2011-10-17,0.9306892156600952
2011-10-18,0.975932240486145
2011-10-19,0.9382468461990356
2011-10-20,0.9533078074455261
2011-10-21,0.9918472766876221
2011-10-24,0.9951995611190796
2011-10-25,0.9727764129638672
2011-10-26,0.9944836497306824
2011-10-27,0.9956973791122437
2011-10-28,0.995754599571228
2011-10-31,0.9951889514923096
2011-11-01,0.8822656273841858
2011-11-02,0.961189329624176
2011-11-03,0.9894567131996155
2011-11-04,0.9883033037185669
2011-11-07,0.9873595833778381
2011-11-08,0.9948009252548218
2011-11-09,0.8993253111839294
2011-11-10,0.8866215944290161
2011-11-11,0.977192223072052
2011-11-14,0.9762570858001709
2011-11-15,0.9730226397514343
2011-11-16,0.864274263381958
2011-11-17,0.5987675189971924
2011-11-18,0.5383563041687012
2011-11-21,0.6760758757591248
2011-11-22,0.7005462050437927
2011-11-23,0.04556838423013687
2011-11-25,0.03971794992685318
2011-11-28,0.3068346381187439
2011-11-29,0.32586267590522766
2011-11-30,0.9594555497169495
2011-12-01,0.9579268097877502
2011-12-02,0.9026996493339539
2011-12-05,0.9899858236312866
2011-12-06,0.9880660772323608
2011-12-07,0.995333731174469
2011-12-08,0.9291470646858215
2011-12-09,0.9856894016265869
2011-12-12,0.9307399988174438
2011-12-13,0.908484697341919
2011-12-14,0.7357066869735718
2011-12-15,0.7249178886413574
2011-12-16,0.8101469278335571
2011-12-19,0.7856096029281616
2011-12-20,0.9439821839332581
2011-12-21,0.9318695664405823
2011-12-22,0.9726495146751404
2011-12-23,0.9928706288337708
2011-12-27,0.9947583079338074
2011-12-28,0.9753320813179016
2011-12-29,0.992979109287262
2011-12-30,0.9804320335388184
2012-01-03,0.9979544878005981
2012-01-04,0.9983940720558167
2012-01-05,0.9983940720558167
2012-01-06,0.9968628883361816
2012-01-09,0.9962761402130127
2012-01-10,0.9968125224113464
2012-01-11,0.9968996047973633
2012-01-12,0.9966278672218323
2012-01-13,0.9957053065299988
2012-01-17,0.9957755208015442
2012-01-18,0.9950670003890991
2012-01-19,0.9959567189216614
2012-01-20,0.9964640736579895
2012-01-23,0.9972586631774902
2012-01-24,0.9973341226577759
2012-01-25,0.9967831373214722
2012-01-26,0.9967684745788574
2012-01-27,0.9973801970481873
2012-01-30,0.9973047971725464
2012-01-31,0.9969580173492432
2012-02-01,0.9977350234985352
2012-02-02,0.9980897307395935
2012-02-03,0.9978547692298889
2012-02-06,0.9981669187545776
2012-02-07,0.9983280301094055
2012-02-08,0.9972432851791382
2012-02-09,0.9949204325675964
2012-02-10,0.991218626499176
2012-02-13,0.994861900806427
2012-02-14,0.9988056421279907
2012-02-15,0.9978530406951904
2012-02-16,0.9985212683677673
2012-02-17,0.9985582232475281
2012-02-21,0.9988430738449097
2012-02-22,0.9988833069801331
2012-02-23,0.9987878203392029
2012-02-24,0.9987687468528748
2012-02-27,0.9987061023712158
2012-02-28,0.9990401864051819
2012-02-29,0.9990760087966919
2012-03-01,0.9991043210029602
2012-03-02,0.9990614056587219
2012-03-05,0.9978885054588318
2012-03-06,0.9941546320915222
2012-03-07,0.9972506165504456
2012-03-08,0.9982193112373352
2012-03-09,0.9985935091972351
2012-03-12,0.9990146160125732
2012-03-13,0.998691737651825
2012-03-14,0.9988549947738647
2012-03-15,0.9990228414535522
2012-03-16,0.9990992546081543
2012-03-19,0.9990228414535522
2012-03-20,0.9991581439971924
2012-03-21,0.9990767240524292
2012-03-22,0.9985565543174744
2012-03-23,0.9987500905990601
2012-03-26,0.9986177682876587
2012-03-27,0.9989987015724182
2012-03-28,0.9986817240715027
2012-03-29,0.9980440139770508
2012-03-30,0.9990825653076172
2012-04-02,0.9986826777458191
2012-04-03,0.9990110397338867
2012-04-04,0.9958145022392273
2012-04-05,0.9957442879676819
2012-04-09,0.9969280362129211
2012-04-10,0.9746370911598206
2012-04-11,0.9887635707855225
2012-04-12,0.9971967935562134
2012-04-13,0.9701317548751831
2012-04-16,0.9858186841011047
2012-04-17,0.9975031018257141
2012-04-18,0.9981645941734314
2012-04-19,0.9931556582450867
2012-04-20,0.9948847889900208
2012-04-23,0.9888076186180115
2012-04-24,0.9947315454483032
2012-04-25,0.9981179237365723
2012-04-26,0.9960732460021973
2012-04-27,0.9967494010925293
2012-04-30,0.9956761002540588
2012-05-01,0.9982181191444397
2012-05-02,0.9967468976974487
2012-05-03,0.9975138902664185
2012-05-04,0.9593269228935242
2012-05-07,0.9733456373214722
2012-05-08,0.9945513606071472
2012-05-09,0.9795845746994019
2012-05-10,0.9953165054321289
2012-05-11,0.993244469165802
2012-05-14,0.9735924601554871
2012-05-15,0.9736101031303406
2012-05-16,0.9679384827613831
2012-05-17,0.9485502243041992
2012-05-18,0.8959771990776062
2012-05-21,0.988824188709259
2012-05-22,0.9880803823471069
2012-05-23,0.9793117046356201
2012-05-24,0.988908588886261
2012-05-25,0.9842151999473572
2012-05-29,0.9883831143379211
2012-05-30,0.9665066599845886
2012-05-31,0.9745848774909973
2012-06-01,0.27766096591949463
2012-06-04,0.6620171070098877
2012-06-05,0.7941561341285706
2012-06-06,0.785717248916626
2012-06-07,0.8322386741638184
2012-06-08,0.919274628162384
2012-06-11,0.8140262961387634
2012-06-12,0.9123712778091431
2012-06-13,0.8577163219451904
2012-06-14,0.944265604019165
2012-06-15,0.6231643557548523
2012-06-18,0.8283418416976929
2012-06-19,0.9910202622413635
2012-06-20,0.9941158294677734
2012-06-21,0.8586676716804504
2012-06-22,0.8625143766403198
2012-06-25,0.27385613322257996
2012-06-26,0.2954568862915039
2012-06-27,0.816116988658905
2012-06-28,0.9133016467094421
2012-06-29,0.9795692563056946
2012-07-02,0.9886074662208557
2012-07-03,0.9965822100639343
2012-07-05,0.9947956204414368
2012-07-06,0.9556201696395874
2012-07-09,0.9724636077880859
2012-07-10,0.9438197016716003
2012-07-11,0.9690628051757812
2012-07-12,0.8844521045684814
2012-07-13,0.7739610075950623
2012-07-16,0.9533858895301819
2012-07-17,0.9700446128845215
2012-07-18,0.9980454444885254
2012-07-19,0.9980066418647766
2012-07-20,0.9731562733650208
2012-07-23,0.9833741188049316
2012-07-24,0.8266736268997192
2012-07-25,0.9834361672401428
2012-07-26,0.9696525931358337
2012-07-27,0.9975851774215698
2012-07-30,0.9979300498962402
2012-07-31,0.9971473813056946
2012-08-01,0.9936763644218445
2012-08-02,0.993372917175293
2012-08-03,0.9975572824478149
2012-08-06,0.9983691573143005
2012-08-07,0.9985643029212952
2012-08-08,0.9990769624710083
2012-08-09,0.9990177154541016
2012-08-10,0.9989284873008728
2012-08-13,0.9989749193191528
2012-08-14,0.9989199638366699
2012-08-15,0.9988827109336853
2012-08-16,0.9990228414535522
2012-08-17,0.9990841150283813
2012-08-20,0.9990504384040833
2012-08-21,0.9989562034606934
2012-08-22,0.9990519881248474
2012-08-23,0.9967042803764343
2012-08-24,0.9981702566146851
2012-08-27,0.9979408383369446
2012-08-28,0.9979264736175537
2012-08-29,0.9979733824729919
2012-08-30,0.9980366826057434
2012-08-31,0.9965274930000305
2012-09-04,0.9970591068267822
2012-09-05,0.9971432089805603
2012-09-06,0.9987144470214844
2012-09-07,0.998893678188324
2012-09-10,0.9988616704940796
2012-09-11,0.9989449381828308
2012-09-12,0.9989891648292542
2012-09-13,0.9985705614089966
2012-09-14,0.9988381266593933
2012-09-17,0.9991581439971924
2012-09-18,0.9991581439971924
2012-09-19,0.9990710020065308
2012-09-20,0.9990710020065308
2012-09-21,0.9991077780723572
2012-09-24,0.9991200566291809
2012-09-25,0.9960780739784241
2012-09-26,0.9973293542861938
2012-09-27,0.9978571534156799
2012-09-28,0.9969210624694824
2012-10-01,0.9976757168769836
2012-10-02,0.9976502060890198
2012-10-03,0.9980564713478088
2012-10-04,0.9989221096038818
2012-10-05,0.9988694787025452
2012-10-08,0.997920572757721
2012-10-09,0.9977752566337585
2012-10-10,0.9965522289276123
2012-10-11,0.9969280362129211
2012-10-12,0.9967432618141174
2012-10-15,0.9986861348152161
2012-10-16,0.9974567294120789
2012-10-17,0.9980688691139221
2012-10-18,0.9981507658958435
2012-10-19,0.9931475520133972
2012-10-22,0.992970883846283
2012-10-23,0.9736577868461609
2012-10-24,0.9912291765213013
2012-10-25,0.9928255081176758
2012-10-26,0.9931421279907227
2012-10-31,0.9939197301864624
2012-11-01,0.989804744720459
2012-11-02,0.991192638874054
2012-11-05,0.9927369952201843
2012-11-06,0.9909443855285645
2012-11-07,0.9393282532691956
2012-11-08,0.9503037929534912
2012-11-09,0.9812312722206116
2012-11-12,0.9894858598709106
2012-11-13,0.9828137159347534
2012-11-14,0.8595342040061951
2012-11-15,0.9609333276748657
2012-11-16,0.9825752973556519
2012-11-19,0.9775610566139221
2012-11-20,0.9867295026779175
2012-11-21,0.9865281581878662
2012-11-23,0.9768484830856323
2012-11-26,0.9869034290313721
2012-11-27,0.9870672821998596
2012-11-28,0.9887511134147644
2012-11-29,0.9620559215545654
2012-11-30,0.984173059463501
2012-12-03,0.9922509789466858
2012-12-04,0.9909849166870117
2012-12-05,0.9948335886001587
2012-12-06,0.9940343499183655
2012-12-07,0.9857511520385742
2012-12-10,0.9857511520385742
2012-12-11,0.997225821018219
2012-12-12,0.9975560903549194
2012-12-13,0.9858883023262024
2012-12-14,0.9934121966362
2012-12-17,0.9979907274246216
2012-12-18,0.9987788796424866
2012-12-19,0.9981650710105896
2012-12-20,0.9985194802284241
2012-12-21,0.9924748539924622
2012-12-24,0.9955116510391235
2012-12-26,0.9927009344100952
2012-12-27,0.9925726652145386
2012-12-28,0.9827932119369507
2012-12-31,0.9948169589042664
2013-01-02,0.9981605410575867
2013-01-03,0.9979478716850281
2013-01-04,0.9982911944389343
2013-01-07,0.9988663196563721
2013-01-08,0.9988073110580444
2013-01-09,0.998824417591095
2013-01-10,0.9979727864265442
2013-01-11,0.9985665678977966
2013-01-14,0.998824417591095
2013-01-15,0.99866783618927
2013-01-16,0.9988197684288025
2013-01-17,0.9990413784980774
2013-01-18,0.9991015195846558
2013-01-22,0.9989903569221497
2013-01-23,0.999173104763031
2013-01-24,0.9991015195846558
2013-01-25,0.9989903569221497
2013-01-28,0.9986067414283752
2013-01-29,0.999173104763031
2013-01-30,0.998747706413269
2013-01-31,0.9986107349395752
2013-02-01,0.9982428550720215
2013-02-04,0.9967769980430603
2013-02-05,0.9985647797584534
2013-02-06,0.9986039996147156
2013-02-07,0.998757004737854
2013-02-08,0.9986067414283752
2013-02-11,0.9988258481025696
2013-02-12,0.9986693859100342
2013-02-13,0.9986261129379272
2013-02-14,0.9986690282821655
2013-02-15,0.9987465143203735
2013-02-19,0.9988849759101868
2013-02-20,0.9935071468353271
2013-02-21,0.9966338276863098
2013-02-22,0.9969797730445862
2013-02-25,0.9799198508262634
2013-02-26,0.9914715886116028
2013-02-27,0.9910306930541992
2013-02-28,0.9948784112930298
2013-03-01,0.9965672492980957
2013-03-04,0.9974270462989807
2013-03-05,0.9982404708862305
2013-03-06,0.9979727864265442
2013-03-07,0.9984663724899292
2013-03-08,0.9988889098167419
2013-03-11,0.9989903569221497
2013-03-12,0.998770534992218
2013-03-13,0.998770534992218
2013-03-14,0.9990968704223633
2013-03-15,0.998770534992218
2013-03-18,0.9982069730758667
2013-03-19,0.99744713306427
2013-03-20,0.9988991022109985
2013-03-21,0.995374858379364
2013-03-22,0.9985947012901306
2013-03-25,0.9957321286201477
2013-03-26,0.9985480904579163
2013-03-27,0.998862624168396
2013-03-28,0.9986261129379272
2013-04-01,0.997826874256134
2013-04-02,0.998862624168396
2013-04-03,0.9947319030761719
2013-04-04,0.9962154030799866
2013-04-05,0.9960494637489319
2013-04-08,0.9955167174339294
2013-04-09,0.9979925155639648
2013-04-10,0.9987452030181885
2013-04-11,0.9988431930541992
2013-04-12,0.998770534992218
2013-04-15,0.9895169138908386
2013-04-16,0.9854867458343506
2013-04-17,0.9747359752655029
2013-04-18,0.9692587852478027
2013-04-19,0.9939536452293396
2013-04-22,0.9957184195518494
2013-04-23,0.9878582954406738
2013-04-24,0.9947393536567688
2013-04-25,0.9946528673171997
2013-04-26,0.9967325925827026
2013-04-29,0.99785977602005
2013-04-30,0.9986751675605774
2013-05-01,0.9911841154098511
2013-05-02,0.9984714388847351
2013-05-03,0.9978538155555725
2013-05-06,0.9983587861061096
2013-05-07,0.998177170753479
2013-05-08,0.9989487528800964
2013-05-09,0.9988898634910583
2013-05-10,0.9987419247627258
2013-05-13,0.9987419247627258
2013-05-14,0.9988679885864258
2013-05-15,0.9988948702812195
2013-05-16,0.9988676309585571
2013-05-17,0.9982036352157593
2013-05-20,0.9987419247627258
2013-05-21,0.9987009763717651
2013-05-22,0.9980958104133606
2013-05-23,0.9982764720916748
2013-05-24,0.9982593655586243
2013-05-28,0.9988991022109985
2013-05-29,0.9969691634178162
2013-05-30,0.9986899495124817
2013-05-31,0.9952659606933594
2013-06-03,0.9971243739128113
2013-06-04,0.9965934157371521
2013-06-05,0.9887963533401489
2013-06-06,0.9964091181755066
2013-06-07,0.9896851778030396
2013-06-10,0.9962906837463379
2013-06-11,0.9939675331115723
2013-06-12,0.9908604621887207
2013-06-13,0.995415449142456
2013-06-14,0.9961153268814087
2013-06-17,0.9968356490135193
2013-06-18,0.9949799180030823
2013-06-19,0.9846694469451904
2013-06-20,0.8786941766738892
2013-06-21,0.8907127380371094
2013-06-24,0.8806139826774597
2013-06-25,0.9263285398483276
2013-06-26,0.928171694278717
2013-06-27,0.9626941680908203
2013-06-28,0.9226483702659607
2013-07-01,0.9574694037437439
2013-07-02,0.9896683692932129
2013-07-03,0.9950339794158936
2013-07-05,0.9946946501731873
2013-07-08,0.994528591632843
2013-07-09,0.9985557198524475
2013-07-10,0.9988631010055542
2013-07-11,0.9980436563491821
2013-07-12,0.9988409876823425
2013-07-15,0.9989386200904846
2013-07-16,0.9988143444061279
2013-07-17,0.9987749457359314
2013-07-18,0.9985581040382385
2013-07-19,0.998648464679718
2013-07-22,0.9986587762832642
2013-07-23,0.998770534992218
2013-07-24,0.9986594915390015
2013-07-25,0.9987657070159912
2013-07-26,0.9988042116165161
2013-07-29,0.997757613658905
2013-07-30,0.9975466132164001
2013-07-31,0.9978832602500916
2013-08-01,0.9988107681274414
2013-08-02,0.9988849759101868
2013-08-05,0.9988258481025696
2013-08-06,0.9963478446006775
2013-08-07,0.9963269829750061
2013-08-08,0.997527539730072
2013-08-09,0.9969469904899597
2013-08-12,0.9969511032104492
2013-08-13,0.9980974793434143
2013-08-14,0.9965832829475403
2013-08-15,0.9869365096092224
2013-08-16,0.9880097508430481
2013-08-19,0.9851412773132324
2013-08-20,0.9921898245811462
2013-08-21,0.9895249605178833
2013-08-22,0.9939696788787842
2013-08-23,0.99672532081604
2013-08-26,0.9944023489952087
2013-08-27,0.974224865436554
2013-08-28,0.9847966432571411
2013-08-29,0.9827811121940613
2013-08-30,0.9855944514274597
2013-09-03,0.9930024743080139
2013-09-04,0.9943707585334778
2013-09-05,0.9954912066459656
2013-09-06,0.9954323768615723
2013-09-09,0.9952966570854187
2013-09-10,0.9971317052841187
2013-09-11,0.9980846643447876
2013-09-12,0.9968910813331604
2013-09-13,0.9968710541725159
2013-09-16,0.9989376664161682
2013-09-17,0.9989376664161682
2013-09-18,0.998473584651947
2013-09-19,0.9987009763717651
2013-09-20,0.9984101057052612
2013-09-23,0.9953159093856812
2013-09-24,0.993796706199646
2013-09-25,0.9954972267150879
2013-09-26,0.9958628416061401
2013-09-27,0.9962360262870789
2013-09-30,0.9933578372001648
2013-10-01,0.9966220855712891
2013-10-02,0.9975829124450684
2013-10-03,0.9904670119285583
2013-10-04,0.9962924122810364
2013-10-07,0.9856095910072327
2013-10-08,0.9549996256828308
2013-10-09,0.983066201210022
2013-10-10,0.9911792874336243
2013-10-11,0.9875592589378357
2013-10-14,0.9951099753379822
2013-10-15,0.9957327246665955
2013-10-16,0.9977295994758606
2013-10-17,0.9978538155555725
2013-10-18,0.9980071187019348
2013-10-21,0.9986140727996826
2013-10-22,0.9989386200904846
2013-10-23,0.9986899495124817
2013-10-24,0.9988143444061279
2013-10-25,0.9987009763717651
2013-10-28,0.9987009763717651
2013-10-29,0.9989903569221497
2013-10-30,0.9986853003501892
2013-10-31,0.9985696077346802
2013-11-01,0.9988054037094116
2013-11-04,0.9986067414283752
2013-11-05,0.9987868666648865
2013-11-06,0.9986693859100342
2013-11-07,0.9909317493438721
2013-11-08,0.9981759786605835
2013-11-11,0.9985947012901306
2013-11-12,0.9983614087104797
2013-11-13,0.9980927109718323
2013-11-14,0.997883141040802
2013-11-15,0.998530387878418
2013-11-18,0.9988100528717041
2013-11-19,0.9986584186553955
2013-11-20,0.9974519610404968
2013-11-21,0.9986693859100342
2013-11-22,0.9979497790336609
2013-11-25,0.9986067414283752
2013-11-26,0.9988258481025696
2013-11-27,0.9985705614089966
2013-11-29,0.998862624168396
2013-12-02,0.9976804256439209
2013-12-03,0.9965505599975586
2013-12-04,0.9977166652679443
2013-12-05,0.9960659146308899
2013-12-06,0.9974753260612488
2013-12-09,0.9982261061668396
2013-12-10,0.9972654581069946
2013-12-11,0.9965050220489502
2013-12-12,0.9969923496246338
2013-12-13,0.9965445399284363
2013-12-16,0.9977831244468689
2013-12-17,0.9980454444885254
2013-12-18,0.9976831674575806
2013-12-19,0.9973915815353394
2013-12-20,0.9985780715942383
2013-12-23,0.9988431930541992
2013-12-24,0.9988889098167419
2013-12-26,0.9988889098167419
2013-12-27,0.9991329312324524
2013-12-30,0.9991298317909241
2013-12-31,0.9991329312324524
2014-01-02,0.9970498085021973
2014-01-03,0.9968898892402649
2014-01-06,0.9972148537635803
2014-01-07,0.9975912570953369
2014-01-08,0.9975205063819885
2014-01-09,0.9974403381347656
2014-01-10,0.9980950951576233
2014-01-13,0.9974737763404846
2014-01-14,0.9958317875862122
2014-01-15,0.9968538880348206
2014-01-16,0.9974019527435303
2014-01-17,0.9973713159561157
2014-01-21,0.9968990087509155
2014-01-22,0.9969422221183777
2014-01-23,0.9974014759063721
2014-01-24,0.9871553182601929
2014-01-27,0.9882208108901978
2014-01-28,0.9933149218559265
2014-01-29,0.9935662150382996
2014-01-30,0.9932906627655029
2014-01-31,0.9912030696868896
2014-02-03,0.8470340967178345
2014-02-04,0.9921464323997498
2014-02-05,0.9922770261764526
2014-02-06,0.9737079739570618
2014-02-07,0.9585161209106445
2014-02-10,0.9912242889404297
2014-02-11,0.9891818165779114
2014-02-12,0.992378830909729
2014-02-13,0.9983659386634827
2014-02-14,0.9991164803504944
2014-02-18,0.999140739440918
2014-02-19,0.9952996969223022
2014-02-20,0.9991021156311035
2014-02-21,0.9976721405982971
2014-02-24,0.9990900754928589
2014-02-25,0.9991028308868408
2014-02-26,0.9981703758239746
2014-02-27,0.9991633892059326
2014-02-28,0.9991633892059326
2014-03-03,0.9960225820541382
2014-03-04,0.9988922476768494
2014-03-05,0.9991911053657532
2014-03-06,0.9991424083709717
2014-03-07,0.9991028308868408
2014-03-10,0.9990474581718445
2014-03-11,0.996344268321991
2014-03-12,0.9975228905677795
2014-03-13,0.996748685836792
2014-03-14,0.996303915977478
2014-03-17,0.997057318687439
2014-03-18,0.9973995685577393
2014-03-19,0.99685138463974
2014-03-20,0.9977827668190002
2014-03-21,0.9977707862854004
2014-03-24,0.9970017075538635
2014-03-25,0.9978435039520264
2014-03-26,0.9970614314079285
2014-03-27,0.9964550733566284
2014-03-28,0.9972314238548279
2014-03-31,0.9963680505752563
2014-04-01,0.9991440773010254
2014-04-02,0.9991470575332642
2014-04-03,0.9982767105102539
2014-04-04,0.9959248304367065
2014-04-07,0.9894922971725464
2014-04-08,0.9971189498901367
2014-04-09,0.9958194494247437
2014-04-10,0.9689226746559143
2014-04-11,0.9763946533203125
2014-04-14,0.9924794435501099
2014-04-15,0.9935704469680786
2014-04-16,0.9928596019744873
2014-04-17,0.9947026371955872
2014-04-21,0.9967683553695679
2014-04-22,0.9965241551399231
2014-04-23,0.9951542615890503
2014-04-24,0.9962815642356873
2014-04-25,0.9953489899635315
2014-04-28,0.9938308000564575
2014-04-29,0.9954562187194824
2014-04-30,0.9966523051261902
2014-05-01,0.9967949986457825
2014-05-02,0.9952442049980164
2014-05-05,0.9971652626991272
2014-05-06,0.995965838432312
2014-05-07,0.9959063529968262
2014-05-08,0.9936803579330444
2014-05-09,0.996681272983551
2014-05-12,0.9982715845108032
2014-05-13,0.9981160163879395
2014-05-14,0.9971099495887756
2014-05-15,0.9960850477218628
2014-05-16,0.9950591325759888
2014-05-19,0.9962527751922607
2014-05-20,0.996338963508606
2014-05-21,0.9967051148414612
2014-05-22,0.9974871873855591
2014-05-23,0.9974923133850098
2014-05-27,0.9991739392280579
2014-05-28,0.9981958270072937
2014-05-29,0.9991470575332642
2014-05-30,0.9991633892059326
2014-06-02,0.9991633892059326
2014-06-03,0.9991281628608704
2014-06-04,0.9991897940635681
2014-06-05,0.9991470575332642
2014-06-06,0.9991962313652039
2014-06-09,0.9992114305496216
2014-06-10,0.9991633892059326
2014-06-11,0.9990444779396057
2014-06-12,0.995429277420044
2014-06-13,0.9964706897735596
2014-06-16,0.997065007686615
2014-06-17,0.9981288313865662
2014-06-18,0.9991739392280579
2014-06-19,0.9991897940635681
2014-06-20,0.9991897940635681
2014-06-23,0.9990872144699097
2014-06-24,0.9957719445228577
2014-06-25,0.9981822967529297
2014-06-26,0.9976891279220581
2014-06-27,0.9980682730674744
2014-06-30,0.9974207878112793
2014-07-01,0.9992126226425171
2014-07-02,0.9992126226425171
2014-07-03,0.9991470575332642
2014-07-07,0.9991289973258972
2014-07-08,0.9971541166305542
2014-07-09,0.9965088963508606
2014-07-10,0.997421145439148
2014-07-11,0.997896671295166
2014-07-14,0.9977642297744751
2014-07-15,0.9970446228981018
2014-07-16,0.9980702996253967
2014-07-17,0.9978355765342712
2014-07-18,0.9963153004646301
2014-07-21,0.9974895715713501
2014-07-22,0.9971106052398682
2014-07-23,0.9975842237472534
2014-07-24,0.9966647028923035
2014-07-25,0.9974791407585144
2014-07-28,0.9979127049446106
2014-07-29,0.9973199963569641
2014-07-30,0.997664213180542
2014-07-31,0.9888363480567932
2014-08-01,0.9943315982818604
2014-08-04,0.9919800758361816
2014-08-05,0.9947721362113953
2014-08-06,0.9956725835800171
2014-08-07,0.9945231676101685
2014-08-08,0.9935937523841858
2014-08-11,0.9935991764068604
2014-08-12,0.9938614368438721
2014-08-13,0.9963397979736328
2014-08-14,0.9960874319076538
2014-08-15,0.9957028031349182
2014-08-18,0.9968318343162537
2014-08-19,0.9983097314834595
2014-08-20,0.9991470575332642
2014-08-21,0.9991633892059326
2014-08-22,0.9981173276901245
2014-08-25,0.9991897940635681
2014-08-26,0.9991897940635681
2014-08-27,0.9991028308868408
2014-08-28,0.9980682730674744
2014-08-29,0.9991897940635681
2014-09-02,0.9981805086135864
2014-09-03,0.9980194568634033
2014-09-04,0.9964351654052734
2014-09-05,0.9980950951576233
2014-09-08,0.9976555109024048
2014-09-09,0.9960594177246094
2014-09-10,0.9973955154418945
2014-09-11,0.9980941414833069
2014-09-12,0.9966657757759094
2014-09-15,0.9974519610404968
2014-09-16,0.9975031018257141
2014-09-17,0.9975379705429077
2014-09-18,0.9983378648757935
2014-09-19,0.997568666934967
2014-09-22,0.9961284399032593
2014-09-23,0.9960179924964905
2014-09-24,0.9950888752937317
2014-09-25,0.9891301393508911
2014-09-26,0.9968994855880737
2014-09-29,0.99577796459198
2014-09-30,0.9940033555030823
2014-10-01,0.980543315410614
2014-10-02,0.9943426847457886
2014-10-03,0.9930562376976013
2014-10-06,0.9931691884994507
2014-10-07,0.9936826229095459
2014-10-08,0.987959623336792
2014-10-09,0.9397398233413696
2014-10-10,0.964057207107544
2014-10-13,0.7989630103111267
2014-10-14,0.923107385635376
2014-10-15,0.8855595588684082
2014-10-16,0.8305721879005432
2014-10-17,0.8911002278327942
2014-10-20,0.9676754474639893
2014-10-21,0.9787261486053467
2014-10-22,0.9631966948509216
2014-10-23,0.9570454955101013
2014-10-24,0.9913451671600342
2014-10-27,0.9855142831802368
2014-10-28,0.9990124702453613
2014-10-29,0.9989868998527527
2014-10-30,0.9991474151611328
2014-10-31,0.9988679885864258
2014-11-03,0.9990959167480469
2014-11-04,0.9992103576660156
2014-11-05,0.9991851449012756
2014-11-06,0.9991604089736938
2014-11-07,0.9991542100906372
2014-11-10,0.9991784691810608
2014-11-11,0.9992043375968933
2014-11-12,0.9991022348403931
2014-11-13,0.9991544485092163
2014-11-14,0.9991544485092163
2014-11-17,0.9990606904029846
2014-11-18,0.9992114305496216
2014-11-19,0.9990474581718445
2014-11-20,0.9990606904029846
2014-11-21,0.9992114305496216
2014-11-24,0.9992114305496216
2014-11-25,0.9991146922111511
2014-11-26,0.9992114305496216
2014-11-28,0.9990743398666382
2014-12-01,0.996107280254364
2014-12-02,0.9989792108535767
2014-12-03,0.9991796612739563
2014-12-04,0.9991033673286438
2014-12-05,0.9990743398666382
2014-12-08,0.9958857893943787
2014-12-09,0.9975036978721619
2014-12-10,0.9962463974952698
2014-12-11,0.9980676770210266
2014-12-12,0.9878491759300232
2014-12-15,0.9866490960121155
2014-12-16,0.9845240712165833
2014-12-17,0.993834376335144
2014-12-18,0.9982411861419678
2014-12-19,0.9988043308258057
2014-12-22,0.9991059899330139
2014-12-23,0.9990050196647644
2014-12-24,0.9990606904029846
2014-12-26,0.9991897940635681
2014-12-29,0.9991897940635681
2014-12-30,0.9968798160552979
2014-12-31,0.9962273836135864
2015-01-02,0.9985311031341553
2015-01-05,0.9484124779701233
2015-01-06,0.9755980968475342
2015-01-07,0.9963935017585754
2015-01-08,0.9973956346511841
2015-01-09,0.9984947443008423
2015-01-12,0.9979945421218872
2015-01-13,0.9952066540718079
2015-01-14,0.9886571764945984
2015-01-15,0.9892414212226868
2015-01-16,0.999075174331665
2015-01-20,0.9994128942489624
2015-01-21,0.9993516802787781
2015-01-22,0.9991099238395691
2015-01-23,0.9986338019371033
2015-01-26,0.9968959093093872
2015-01-27,0.9952292442321777
2015-01-28,0.9681376814842224
2015-01-29,0.9989426732063293
2015-01-30,0.962478756904602
2015-02-02,0.9992282390594482
2015-02-03,0.9963248372077942
2015-02-04,0.9987088441848755
2015-02-05,0.9985958933830261
2015-02-06,0.9938124418258667
2015-02-09,0.9966811537742615
2015-02-10,0.9994939565658569
2015-02-11,0.9992296695709229
2015-02-12,0.9995673298835754
2015-02-13,0.9995720982551575
2015-02-17,0.9995396137237549
2015-02-18,0.9995217323303223
2015-02-19,0.9995005130767822
2015-02-20,0.9995396137237549
2015-02-23,0.9995428323745728
2015-02-24,0.9995669722557068
2015-02-25,0.9994814991950989
2015-02-26,0.9991839528083801
2015-02-27,0.9981783628463745
2015-03-02,0.9994508624076843
2015-03-03,0.9989612102508545
2015-03-04,0.9973838925361633
2015-03-05,0.9983055591583252
2015-03-06,0.9968883395195007
2015-03-09,0.9986903071403503
2015-03-10,0.9894072413444519
2015-03-11,0.9962645173072815
2015-03-12,0.999492883682251
2015-03-13,0.9984149932861328
2015-03-16,0.9990115165710449
2015-03-17,0.9991843104362488
2015-03-18,0.9988541603088379
2015-03-19,0.9980300068855286
2015-03-20,0.9993721842765808
2015-03-23,0.9986841082572937
2015-03-24,0.9976031184196472
2015-03-25,0.9911479949951172
2015-03-26,0.9954975843429565
2015-03-27,0.9985154271125793
2015-03-30,0.9988260865211487
2015-03-31,0.9988952875137329
2015-04-01,0.9980121850967407
2015-04-02,0.9991738200187683
2015-04-06,0.9990962743759155
2015-04-07,0.9988584518432617
2015-04-08,0.9988522529602051
2015-04-09,0.9979641437530518
2015-04-10,0.999055802822113
2015-04-13,0.997077226638794
2015-04-14,0.9987480640411377
2015-04-15,0.9988478422164917
2015-04-16,0.9984242916107178
2015-04-17,0.9974391460418701
2015-04-20,0.9981613755226135
2015-04-21,0.9977772831916809
2015-04-22,0.9989802241325378
2015-04-23,0.9986503720283508
2015-04-24,0.9990302324295044
2015-04-27,0.9983029365539551
2015-04-28,0.9986897110939026
2015-04-29,0.9980029463768005
2015-04-30,0.9951883554458618
2015-05-01,0.9989469647407532
2015-05-04,0.9987012147903442
2015-05-05,0.9983704686164856
2015-05-06,0.9975831508636475
2015-05-07,0.9990979433059692
2015-05-08,0.9989878535270691
2015-05-11,0.9983577132225037
2015-05-12,0.9985153079032898
2015-05-13,0.9985153079032898
2015-05-14,0.9986867308616638
2015-05-15,0.998507559299469
2015-05-18,0.9991449117660522
2015-05-19,0.9989245533943176
2015-05-20,0.998499870300293
2015-05-21,0.9991449117660522
2015-05-22,0.9980428218841553
2015-05-26,0.9974097609519958
2015-05-27,0.9983002543449402
2015-05-28,0.9986779093742371
2015-05-29,0.9974585175514221
2015-06-01,0.9983976483345032
2015-06-02,0.9985153079032898
2015-06-03,0.9989240765571594
2015-06-04,0.997927188873291
2015-06-05,0.9975848197937012
2015-06-08,0.9930075407028198
2015-06-09,0.9967653751373291
2015-06-10,0.9991533756256104
2015-06-11,0.9987103939056396
2015-06-12,0.9989708662033081
2015-06-15,0.9971725344657898
2015-06-16,0.9991738200187683
2015-06-17,0.9993000030517578
2015-06-18,0.9990630745887756
2015-06-19,0.9978460073471069
2015-06-22,0.9988345503807068
2015-06-23,0.9990035891532898
2015-06-24,0.9979654550552368
2015-06-25,0.9972010850906372
2015-06-26,0.9982469081878662
2015-06-29,0.9932401180267334
2015-06-30,0.9956806898117065
2015-07-01,0.9987066984176636
2015-07-02,0.9987480640411377
2015-07-06,0.9981673955917358
2015-07-07,0.999362051486969
2015-07-08,0.9876347184181213
2015-07-09,0.9959512948989868
2015-07-10,0.9993422627449036
2015-07-13,0.9989295601844788
2015-07-14,0.9973083734512329
2015-07-15,0.9971010088920593
2015-07-16,0.9995054006576538
2015-07-17,0.9994679093360901
2015-07-20,0.9994505047798157
2015-07-21,0.9956451654434204
2015-07-22,0.9948927164077759
2015-07-23,0.993605375289917
2015-07-24,0.990090012550354
2015-07-27,0.9868302941322327
2015-07-28,0.999380350112915
2015-07-29,0.9990795850753784
2015-07-30,0.9986081719398499
2015-07-31,0.9986274242401123
2015-08-03,0.9981594681739807
2015-08-04,0.9971861243247986
2015-08-05,0.9990092515945435
2015-08-06,0.9976978898048401
2015-08-07,0.9961966276168823
2015-08-10,0.9988760352134705
2015-08-11,0.9988786578178406
2015-08-12,0.9988833069801331
2015-08-13,0.9989093542098999
2015-08-14,0.9992954730987549
2015-08-17,0.9988915324211121
2015-08-18,0.998681366443634
2015-08-19,0.9976978898048401
2015-08-20,0.9857089519500732
2015-08-21,0.3366243243217468
2015-08-24,0.010342136025428772
2015-08-25,0.010342136025428772
2015-08-26,0.007716343272477388
2015-08-27,0.011648974381387234
2015-08-28,0.014769813977181911
2015-08-31,0.009847749955952168
2015-09-01,0.00918587390333414
2015-09-02,0.00853007473051548
2015-09-03,0.008613805286586285
2015-09-04,0.005776662845164537
2015-09-08,0.015116594731807709
2015-09-09,0.00711210910230875
2015-09-10,0.00997420959174633
2015-09-11,0.09285750240087509
2015-09-14,0.0741816908121109
2015-09-15,0.3686751127243042
2015-09-16,0.8325897455215454
2015-09-17,0.8067249655723572
2015-09-18,0.27826881408691406
2015-09-21,0.611163318157196
2015-09-22,0.3527737259864807
2015-09-23,0.33434250950813293
2015-09-24,0.624247670173645
2015-09-25,0.6565672755241394
2015-09-28,0.06292018294334412
2015-09-29,0.2174414098262787
2015-09-30,0.5295983552932739
2015-10-01,0.8431686162948608
2015-10-02,0.957487165927887
2015-10-05,0.9484542012214661
2015-10-06,0.8976869583129883
2015-10-07,0.9949145317077637
2015-10-08,0.9988071918487549
2015-10-09,0.998759388923645
2015-10-12,0.9985598921775818
2015-10-13,0.9955751895904541
2015-10-14,0.9601522088050842
2015-10-15,0.9991982579231262
2015-10-16,0.9983490705490112
2015-10-19,0.9984787106513977
2015-10-20,0.9984902143478394
2015-10-21,0.9933465719223022
2015-10-22,0.9994596838951111
2015-10-23,0.9991855025291443
2015-10-26,0.9991577863693237
2015-10-27,0.9988837838172913
2015-10-28,0.9991631507873535
2015-10-29,0.9990315437316895
2015-10-30,0.9986629486083984
2015-11-02,0.9993072748184204
2015-11-03,0.9991642236709595
2015-11-04,0.9988490343093872
2015-11-05,0.9985519051551819
2015-11-06,0.995789110660553
2015-11-09,0.9902661442756653
2015-11-10,0.9931836724281311
2015-11-11,0.9818612337112427
2015-11-12,0.9767135381698608
2015-11-13,0.9518486857414246
2015-11-16,0.9976757168769836
2015-11-17,0.9977117776870728
2015-11-18,0.9962183833122253
2015-11-19,0.9968783855438232
2015-11-20,0.9990479350090027
2015-11-23,0.9990140199661255
2015-11-24,0.9990140199661255
2015-11-25,0.9983735084533691
2015-11-27,0.9990140199661255
2015-11-30,0.994657576084137
2015-12-01,0.999441921710968
2015-12-02,0.9981412887573242
2015-12-03,0.9954720735549927
2015-12-04,0.9981728792190552
2015-12-07,0.9980859756469727
2015-12-08,0.9977516531944275
2015-12-09,0.9889122247695923
2015-12-10,0.9985910058021545
2015-12-11,0.9131084084510803
2015-12-14,0.9417275786399841
2015-12-15,0.9961445331573486
2015-12-16,0.9943915009498596
2015-12-17,0.9812901616096497
2015-12-18,0.9804204702377319
2015-12-21,0.982006311416626
2015-12-22,0.9942558407783508
2015-12-23,0.993283748626709
2015-12-24,0.9913951754570007
2015-12-28,0.9939648509025574
2015-12-29,0.9936332702636719
2015-12-30,0.994604766368866
2015-12-31,0.9831163287162781
2016-01-04,0.8496348261833191
2016-01-05,0.9513127207756042
2016-01-06,0.8372613191604614
2016-01-07,0.29635387659072876
2016-01-08,0.33077386021614075
2016-01-11,0.6541704535484314
2016-01-12,0.8483827114105225
2016-01-13,0.019388750195503235
2016-01-14,0.05296406149864197
2016-01-15,0.006753440946340561
2016-01-19,0.008728386834263802
2016-01-20,0.009969421662390232
2016-01-21,0.020829912275075912
2016-01-22,0.061949584633111954
2016-01-25,0.01688668504357338
2016-01-26,0.05052298679947853
2016-01-27,0.03895612433552742
2016-01-28,0.053995098918676376
2016-01-29,0.4750145673751831
2016-02-01,0.803271472454071
2016-02-02,0.019347606226801872
2016-02-03,0.07552680373191833
2016-02-04,0.2304508239030838
2016-02-05,0.027411917224526405
2016-02-08,0.014905579388141632
2016-02-09,0.03881474956870079
2016-02-10,0.037624895572662354
2016-02-11,0.03150699660181999
2016-02-12,0.08888845145702362
2016-02-16,0.541191041469574
2016-02-17,0.8236948251724243
2016-02-18,0.3858623802661896
2016-02-19,0.8477332592010498
2016-02-22,0.9734083414077759
2016-02-23,0.838573694229126
2016-02-24,0.9371975660324097
2016-02-25,0.9705185294151306
2016-02-26,0.9700736403465271
2016-02-29,0.9659689664840698
2016-03-01,0.9601197838783264
2016-03-02,0.8790349960327148
2016-03-03,0.9116017818450928
2016-03-04,0.9953278303146362
2016-03-07,0.9964136481285095
2016-03-08,0.9231659770011902
2016-03-09,0.9843302369117737
2016-03-10,0.9924701452255249
2016-03-11,0.9983797073364258
2016-03-14,0.9984105825424194
2016-03-15,0.9985376596450806
2016-03-16,0.998835027217865
2016-03-17,0.9984990358352661
2016-03-18,0.9984990358352661
2016-03-21,0.9968309998512268
2016-03-22,0.9976902008056641
2016-03-23,0.988798201084137
2016-03-24,0.9985307455062866
2016-03-28,0.9993150234222412
2016-03-29,0.9993829727172852
2016-03-30,0.9992130994796753
2016-03-31,0.9990929365158081
2016-04-01,0.9992868304252625
2016-04-04,0.9992976188659668
2016-04-05,0.9965901374816895
2016-04-06,0.9992889165878296
2016-04-07,0.9979107975959778
2016-04-08,0.9989364743232727
2016-04-11,0.998146653175354
2016-04-12,0.9991857409477234
2016-04-13,0.9996103644371033
2016-04-14,0.999681830406189
2016-04-15,0.9995660185813904
2016-04-18,0.9994882345199585
2016-04-19,0.9993963241577148
2016-04-20,0.9994481205940247
2016-04-21,0.9990522265434265
2016-04-22,0.9995433688163757
2016-04-25,0.9976339340209961
2016-04-26,0.9995094537734985
2016-04-27,0.9995242357254028
2016-04-28,0.9946647882461548
2016-04-29,0.995448648929596
2016-05-02,0.9992971420288086
2016-05-03,0.9969688057899475
2016-05-04,0.9953919649124146
2016-05-05,0.9937513470649719
2016-05-06,0.9985252022743225
2016-05-09,0.9983275532722473
2016-05-10,0.9995794892311096
2016-05-11,0.9984135627746582
2016-05-12,0.9983094930648804
2016-05-13,0.9959050416946411
2016-05-16,0.9983693957328796
2016-05-17,0.9984353184700012
2016-05-18,0.9988565444946289
2016-05-19,0.9941712021827698
2016-05-20,0.9986271858215332
2016-05-23,0.9985575079917908
2016-05-24,0.9996250867843628
2016-05-25,0.9995800852775574
2016-05-26,0.9995681643486023
2016-05-27,0.999527096748352
2016-05-31,0.9994651675224304
2016-06-01,0.9995586276054382
2016-06-02,0.9996020197868347
2016-06-03,0.9993793964385986
2016-06-06,0.9995586276054382
2016-06-07,0.9995926022529602
2016-06-08,0.9996623992919922
2016-06-09,0.9994844198226929
2016-06-10,0.9929076433181763
2016-06-13,0.993775486946106
2016-06-14,0.9949846267700195
2016-06-15,0.9936581254005432
2016-06-16,0.9988043308258057
2016-06-17,0.9937809109687805
2016-06-20,0.9984610080718994
2016-06-21,0.9995883107185364
2016-06-22,0.9984610080718994
2016-06-23,0.9995800852775574
2016-06-24,0.6777707934379578
2016-06-27,0.7744337320327759
2016-06-28,0.6353602409362793
2016-06-29,0.8357936143875122
2016-06-30,0.9755585789680481
2016-07-01,0.9764280915260315
2016-07-05,0.9825865626335144
2016-07-06,0.9902331829071045
2016-07-07,0.986184298992157
2016-07-08,0.9960063099861145
2016-07-11,0.9964693784713745
2016-07-12,0.9909652471542358
2016-07-13,0.9735088348388672
2016-07-14,0.9728841781616211
2016-07-15,0.99910968542099
2016-07-18,0.9992786049842834
2016-07-19,0.999230146408081
2016-07-20,0.9991512298583984
2016-07-21,0.9991341233253479
2016-07-22,0.9993680119514465
2016-07-25,0.9992864727973938
2016-07-26,0.9992648959159851
2016-07-27,0.9992689490318298
2016-07-28,0.9995393753051758
2016-07-29,0.9996057152748108
2016-08-01,0.9995251893997192
2016-08-02,0.9941235184669495
2016-08-03,0.9992437362670898
2016-08-04,0.9993258714675903
2016-08-05,0.9996790885925293
2016-08-08,0.9996071457862854
2016-08-09,0.9996071457862854
2016-08-10,0.9988441467285156
2016-08-11,0.9996200799942017
2016-08-12,0.9993937015533447
2016-08-15,0.9996721744537354
2016-08-16,0.9984467625617981
2016-08-17,0.9992577433586121
2016-08-18,0.999371349811554
2016-08-19,0.9992843270301819
2016-08-22,0.9992843270301819
2016-08-23,0.9994183778762817
2016-08-24,0.9969993829727173
2016-08-25,0.9990593791007996
2016-08-26,0.9977820515632629
2016-08-29,0.9993495345115662
2016-08-30,0.9995052814483643
2016-08-31,0.9973567724227905
2016-09-01,0.999158501625061
2016-09-02,0.9993730187416077
2016-09-06,0.9994975328445435
2016-09-07,0.9994890689849854
2016-09-08,0.9987452030181885
2016-09-09,0.9883826375007629
2016-09-12,0.9985406398773193
2016-09-13,0.954345703125
2016-09-14,0.9718613028526306
2016-09-15,0.9989185333251953
2016-09-16,0.9991965889930725
2016-09-19,0.9991218447685242
2016-09-20,0.9991720914840698
2016-09-21,0.999618649482727
2016-09-22,0.9990278482437134
2016-09-23,0.999114453792572
2016-09-26,0.9965898990631104
2016-09-27,0.9992303848266602
2016-09-28,0.9990565180778503
2016-09-29,0.9981715679168701
2016-09-30,0.9990729093551636
2016-10-03,0.9988294243812561
2016-10-04,0.9933602213859558
2016-10-05,0.9985973238945007
2016-10-06,0.9984978437423706
2016-10-07,0.9972604513168335
2016-10-10,0.9988228678703308
2016-10-11,0.9962377548217773
2016-10-12,0.9988805651664734
2016-10-13,0.9911537766456604
2016-10-14,0.9953957200050354
2016-10-17,0.9740885496139526
2016-10-18,0.9982532858848572
2016-10-19,0.9989070892333984
2016-10-20,0.9986711740493774
2016-10-21,0.9986711740493774
2016-10-24,0.9990033507347107
2016-10-25,0.9987233281135559
2016-10-26,0.9929215312004089
2016-10-27,0.9549709558486938
2016-10-28,0.9635298252105713
2016-10-31,0.9819905161857605
2016-11-01,0.9496736526489258
2016-11-02,0.9623863697052002
2016-11-03,0.9680805802345276
2016-11-04,0.9435375928878784
2016-11-07,0.9992735981941223
2016-11-08,0.9992619156837463
2016-11-09,0.9983275532722473
2016-11-10,0.9996011853218079
2016-11-11,0.9976958632469177
2016-11-14,0.9976958632469177
2016-11-15,0.9995205402374268
2016-11-16,0.9995088577270508
2016-11-17,0.9995853304862976
2016-11-18,0.9995088577270508
2016-11-21,0.9995688796043396
2016-11-22,0.9995763897895813
2016-11-23,0.9996007084846497
2016-11-25,0.9995055198669434
2016-11-28,0.999451220035553
2016-11-29,0.9994844198226929
2016-11-30,0.9990780353546143
2016-12-01,0.9961540102958679
2016-12-02,0.9988905787467957
2016-12-05,0.9995859265327454
2016-12-06,0.9996154308319092
2016-12-07,0.9993919134140015
2016-12-08,0.999362051486969
2016-12-09,0.9992901086807251
2016-12-12,0.9994930028915405
2016-12-13,0.9992451667785645
2016-12-14,0.9995182752609253
2016-12-15,0.9994675517082214
2016-12-16,0.9995112419128418
2016-12-19,0.9995821118354797
2016-12-20,0.9996302127838135
2016-12-21,0.999545156955719
2016-12-22,0.9992477893829346
2016-12-23,0.999541163444519
2016-12-27,0.9996337890625
2016-12-28,0.9966818690299988
2016-12-29,0.9984467625617981
2016-12-30,0.9957017302513123
2017-01-03,0.9995595812797546
2017-01-04,0.9992609620094299
2017-01-05,0.9995402097702026
2017-01-06,0.9995402097702026
2017-01-09,0.9995885491371155
2017-01-10,0.9995704293251038
2017-01-11,0.9995402097702026
2017-01-12,0.9992189407348633
2017-01-13,0.9995480179786682
2017-01-17,0.9992402791976929
2017-01-18,0.9993358254432678
2017-01-19,0.9994831085205078
2017-01-20,0.9993163347244263
2017-01-23,0.9992992877960205
2017-01-24,0.9995402097702026
2017-01-25,0.9986869692802429
2017-01-26,0.9995402097702026
2017-01-27,0.9995610117912292
2017-01-30,0.9983212351799011
2017-01-31,0.9992068409919739
2017-02-01,0.9993900060653687
2017-02-02,0.9993075132369995
2017-02-03,0.9993768334388733
2017-02-06,0.9992862343788147
2017-02-07,0.9992862343788147
2017-02-08,0.9992928504943848
2017-02-09,0.9992576241493225
2017-02-10,0.9992576241493225
2017-02-13,0.9987543821334839
2017-02-14,0.9987055063247681
2017-02-15,0.9986697435379028
2017-02-16,0.9993768334388733
2017-02-17,0.9992576241493225
2017-02-21,0.9992071986198425
2017-02-22,0.9995402097702026
2017-02-23,0.999552309513092
2017-02-24,0.9993417859077454
2017-02-27,0.9992576241493225
2017-02-28,0.9994875192642212
2017-03-01,0.9984032511711121
2017-03-02,0.9994206428527832
2017-03-03,0.9993207454681396
2017-03-06,0.9994875192642212
2017-03-07,0.9993957281112671
2017-03-08,0.9994617104530334
2017-03-09,0.9995800852775574
2017-03-10,0.9995402097702026
2017-03-13,0.999552309513092
2017-03-14,0.9992068409919739
2017-03-15,0.9995595812797546
2017-03-16,0.9995672106742859
2017-03-17,0.9995885491371155
2017-03-20,0.9991375207901001
2017-03-21,0.9973268508911133
2017-03-22,0.9972084164619446
2017-03-23,0.9988271594047546
2017-03-24,0.998450517654419
2017-03-27,0.9990906715393066
2017-03-28,0.9991818070411682
2017-03-29,0.9991480112075806
2017-03-30,0.999006450176239
2017-03-31,0.9992040991783142
2017-04-03,0.9989299178123474
2017-04-04,0.9989508390426636
2017-04-05,0.9992433786392212
2017-04-06,0.9988962411880493
2017-04-07,0.9991023540496826
2017-04-10,0.9990233182907104
2017-04-11,0.9992488026618958
2017-04-12,0.9979368448257446
2017-04-13,0.9876437187194824
2017-04-17,0.9946731925010681
2017-04-18,0.9955517649650574
2017-04-19,0.9972796440124512
2017-04-20,0.998948872089386
2017-04-21,0.9974204301834106
2017-04-24,0.9980794191360474
2017-04-25,0.9986869692802429
2017-04-26,0.9995402097702026
2017-04-27,0.9995402097702026
2017-04-28,0.999321460723877
2017-05-01,0.999552309513092
2017-05-02,0.999552309513092
2017-05-03,0.999321460723877
2017-05-04,0.9992862343788147
2017-05-05,0.9992576241493225
2017-05-08,0.9995211362838745
2017-05-09,0.999321460723877
2017-05-10,0.999552309513092
2017-05-11,0.9990285634994507
2017-05-12,0.9990699887275696
2017-05-15,0.9995402097702026
2017-05-16,0.9992862343788147
2017-05-17,0.9719746708869934
2017-05-18,0.9936583638191223
2017-05-19,0.990448534488678
2017-05-22,0.9960150122642517
2017-05-23,0.9971377849578857
2017-05-24,0.9972654581069946
2017-05-25,0.9995402097702026
2017-05-26,0.9995402097702026
2017-05-30,0.9995480179786682
2017-05-31,0.999321460723877
2017-06-01,0.9987543821334839
2017-06-02,0.9992576241493225
2017-06-05,0.9995081424713135
2017-06-06,0.9994875192642212
2017-06-07,0.9995610117912292
2017-06-08,0.9995480179786682
2017-06-09,0.9994649291038513
2017-06-12,0.9991549253463745
2017-06-13,0.9993768334388733
2017-06-14,0.9995480179786682
2017-06-15,0.9991549253463745
2017-06-16,0.999321460723877
2017-06-19,0.9987543821334839
2017-06-20,0.999075174331665
2017-06-21,0.99871826171875
2017-06-22,0.9992376565933228
2017-06-23,0.9992040991783142
2017-06-26,0.9991794228553772
2017-06-27,0.9957128763198853
2017-06-28,0.9988798499107361
2017-06-29,0.9972865581512451
2017-06-30,0.9983038902282715
2017-07-03,0.9969237446784973
2017-07-05,0.9992005228996277
2017-07-06,0.9892292618751526
2017-07-07,0.997148334980011
2017-07-10,0.9956339001655579
2017-07-11,0.9976601600646973
2017-07-12,0.9991651773452759
2017-07-13,0.9991651773452759
2017-07-14,0.9992576241493225
2017-07-17,0.9994039535522461
2017-07-18,0.9995211362838745
2017-07-19,0.9992576241493225
2017-07-20,0.9992576241493225
2017-07-21,0.999552309513092
2017-07-24,0.9995610117912292
2017-07-25,0.9992819428443909
2017-07-26,0.9995211362838745
2017-07-27,0.9995704293251038
2017-07-28,0.9991300702095032
2017-07-31,0.9991300702095032
2017-08-01,0.9992928504943848
2017-08-02,0.9992928504943848
2017-08-03,0.9990285634994507
2017-08-04,0.9992862343788147
2017-08-07,0.9992928504943848
2017-08-08,0.9990696310997009
2017-08-09,0.9992430210113525
2017-08-10,0.9870113134384155
2017-08-11,0.9919529557228088
2017-08-14,0.9963592886924744
2017-08-15,0.9970867037773132
2017-08-16,0.9992080330848694
2017-08-17,0.937807559967041
2017-08-18,0.9250380992889404
2017-08-21,0.9700074791908264
2017-08-22,0.9631052017211914
2017-08-23,0.978849470615387
2017-08-24,0.9748337268829346
2017-08-25,0.9923245906829834
2017-08-28,0.9967243075370789
2017-08-29,0.9967831373214722
2017-08-30,0.9976122379302979
2017-08-31,0.9974472522735596
2017-09-01,0.9986523985862732
2017-09-05,0.9959805011749268
2017-09-06,0.9967670440673828
2017-09-07,0.998325526714325
2017-09-08,0.9985866546630859
2017-09-11,0.9988656044006348
2017-09-12,0.9987543821334839
2017-09-13,0.9993529915809631
2017-09-14,0.999552309513092
2017-09-15,0.9993932247161865
2017-09-18,0.9992576241493225
2017-09-19,0.9992576241493225
2017-09-20,0.9992771744728088
2017-09-21,0.999190628528595
2017-09-22,0.9992200136184692
2017-09-25,0.9990699887275696
2017-09-26,0.9992430210113525
2017-09-27,0.9992737174034119
2017-09-28,0.9995402097702026
2017-09-29,0.9992576241493225
2017-10-02,0.9992576241493225
2017-10-03,0.9992576241493225
2017-10-04,0.9992576241493225
2017-10-05,0.9987543821334839
2017-10-06,0.9995402097702026
2017-10-09,0.9995704293251038
2017-10-10,0.9995402097702026
2017-10-11,0.9995402097702026
2017-10-12,0.9995704293251038
2017-10-13,0.999552309513092
2017-10-16,0.999552309513092
2017-10-17,0.999552309513092
2017-10-18,0.9993932247161865
2017-10-19,0.9994196891784668
2017-10-20,0.9992576241493225
2017-10-23,0.9995885491371155
2017-10-24,0.9995796084403992
2017-10-25,0.9981936812400818
2017-10-26,0.9993501305580139
2017-10-27,0.9995595812797546
2017-10-30,0.9995885491371155
2017-10-31,0.9995672106742859
2017-11-01,0.999552309513092
2017-11-02,0.999552309513092
2017-11-03,0.9995081424713135
2017-11-06,0.9993239641189575
2017-11-07,0.999552309513092
2017-11-08,0.9995211362838745
2017-11-09,0.999190628528595
2017-11-10,0.999190628528595
2017-11-13,0.999321460723877
2017-11-14,0.9991756081581116
2017-11-15,0.9984575510025024
2017-11-16,0.9993042945861816
2017-11-17,0.9992678761482239
2017-11-20,0.9993022680282593
2017-11-21,0.9995081424713135
2017-11-22,0.9992737174034119
2017-11-24,0.9995402097702026
2017-11-27,0.999552309513092
2017-11-28,0.9986869692802429
2017-11-29,0.9992576241493225
2017-11-30,0.9985978007316589
2017-12-01,0.9995402097702026
2017-12-04,0.9995704293251038
2017-12-05,0.9994674324989319
2017-12-06,0.9994875192642212
2017-12-07,0.999552309513092
2017-12-08,0.9993239641189575
2017-12-11,0.9992576241493225
2017-12-12,0.9992576241493225
2017-12-13,0.9993701577186584
2017-12-14,0.9994875192642212
2017-12-15,0.9995595812797546
2017-12-18,0.9988717436790466
2017-12-19,0.9995885491371155
2017-12-20,0.9995885491371155
2017-12-21,0.999552309513092
2017-12-22,0.9995480179786682
2017-12-26,0.9994649291038513
2017-12-27,0.9995704293251038
2017-12-28,0.999552309513092
2017-12-29,0.9994875192642212
2018-01-02,0.9987714886665344
2018-01-03,0.9989688396453857
2018-01-04,0.9989903569221497
2018-01-05,0.9988991022109985
2018-01-08,0.999123752117157
2018-01-09,0.999123752117157
2018-01-10,0.9991840720176697
2018-01-11,0.9990743398666382
2018-01-12,0.998892605304718
2018-01-16,0.9989479184150696
2018-01-17,0.9985370635986328
2018-01-18,0.9988111257553101
2018-01-19,0.999116837978363
2018-01-22,0.9988526105880737
2018-01-23,0.9990866184234619
2018-01-24,0.9991982579231262
2018-01-25,0.9992154836654663
2018-01-26,0.9986540079116821
2018-01-29,0.9988555908203125
2018-01-30,0.9953265190124512
2018-01-31,0.9964511394500732
2018-02-01,0.9966168999671936
2018-02-02,0.4681623578071594
2018-02-05,0.012608755379915237
2018-02-06,0.0546339675784111
2018-02-07,0.03282378241419792
2018-02-08,0.009517009370028973
2018-02-09,0.009140849113464355
2018-02-12,0.009125844575464725
2018-02-13,0.012155193835496902
2018-02-14,0.030015520751476288
2018-02-15,0.05027870833873749
2018-02-16,0.06823734194040298
2018-02-20,0.08188285678625107
2018-02-21,0.043203987181186676
2018-02-22,0.04244668781757355
2018-02-23,0.1279948651790619
2018-02-26,0.7139321565628052
2018-02-27,0.20060566067695618
2018-02-28,0.07388647645711899
2018-03-01,0.03658956661820412
2018-03-02,0.03227560222148895
2018-03-05,0.0700862780213356
2018-03-06,0.08307971060276031
2018-03-07,0.08725473284721375
2018-03-08,0.1127067431807518
2018-03-09,0.7988646030426025
2018-03-12,0.7684111595153809
2018-03-13,0.2714015543460846
2018-03-14,0.2987286150455475
2018-03-15,0.4268457293510437
2018-03-16,0.5729992389678955
2018-03-19,0.08936647325754166
2018-03-20,0.1639155149459839
2018-03-21,0.1871185004711151
2018-03-22,0.013222025707364082
2018-03-23,0.009072030894458294
2018-03-26,0.007120434194803238
2018-03-27,0.007119783665984869
2018-03-28,0.009523065760731697
2018-03-29,0.005369562190026045
2018-04-02,0.014009085483849049
2018-04-03,0.005290735978633165
2018-04-04,0.005705222487449646
2018-04-05,0.013813832774758339
2018-04-06,0.007123239804059267
2018-04-09,0.005868653766810894
2018-04-10,0.015106404200196266
2018-04-11,0.006756132002919912
2018-04-12,0.04191267490386963
2018-04-13,0.022611545398831367
2018-04-16,0.036676619201898575
2018-04-17,0.05202548950910568
2018-04-18,0.1001366600394249
2018-04-19,0.10092808306217194
2018-04-20,0.07135099172592163
2018-04-23,0.07184813171625137
2018-04-24,0.023856544867157936
2018-04-25,0.00972503051161766
2018-04-26,0.05220482498407364
2018-04-27,0.10476727038621902
2018-04-30,0.03922472894191742
2018-05-01,0.06702322512865067
2018-05-02,0.03789663314819336
2018-05-03,0.08307502418756485
2018-05-04,0.19461104273796082
2018-05-07,0.21835552155971527
2018-05-08,0.36200883984565735
2018-05-09,0.38787490129470825
2018-05-10,0.8977144360542297
2018-05-11,0.9340486526489258
2018-05-14,0.9397218227386475
2018-05-15,0.8413705825805664
2018-05-16,0.8364232778549194
2018-05-17,0.8498246669769287
2018-05-18,0.851424515247345
2018-05-21,0.8700770735740662
2018-05-22,0.8913601040840149
2018-05-23,0.8813337087631226
2018-05-24,0.9313419461250305
2018-05-25,0.9572053551673889
2018-05-29,0.4395383894443512
2018-05-30,0.6886360049247742
2018-05-31,0.5696231722831726
2018-06-01,0.857680082321167
2018-06-04,0.9552134275436401
2018-06-05,0.9727135896682739
2018-06-06,0.9923561811447144
2018-06-07,0.9949146509170532
2018-06-08,0.9976109266281128
2018-06-11,0.9978825449943542
2018-06-12,0.9981701374053955
2018-06-13,0.9834989905357361
2018-06-14,0.9946175217628479
2018-06-15,0.9837713241577148
2018-06-18,0.9780058860778809
2018-06-19,0.9757628440856934
2018-06-20,0.9680622816085815
2018-06-21,0.9583883881568909
2018-06-22,0.9102927446365356
2018-06-25,0.5855856537818909
2018-06-26,0.5875775814056396
2018-06-27,0.42419523000717163
2018-06-28,0.5790143609046936
2018-06-29,0.3334362804889679
2018-07-02,0.4782404899597168
2018-07-03,0.2582536041736603
2018-07-05,0.6511428356170654
2018-07-06,0.9349343776702881
2018-07-09,0.9630855321884155
2018-07-10,0.9919940233230591
2018-07-11,0.9788298606872559
2018-07-12,0.9869864583015442
2018-07-13,0.9884872436523438
2018-07-16,0.9702228903770447
2018-07-17,0.9951263666152954
2018-07-18,0.9949766993522644
2018-07-19,0.9771913290023804
2018-07-20,0.9730264544487
2018-07-23,0.9928252696990967
2018-07-24,0.9962095022201538
2018-07-25,0.9972165822982788
2018-07-26,0.9974942207336426
2018-07-27,0.9709068536758423
2018-07-30,0.9348744750022888
2018-07-31,0.9632819294929504
2018-08-01,0.9690852165222168
2018-08-02,0.9815905690193176
2018-08-03,0.9931854009628296
2018-08-06,0.9969565868377686
2018-08-07,0.9979003667831421
2018-08-08,0.997646152973175
2018-08-09,0.9901989698410034
2018-08-10,0.9741553068161011
2018-08-13,0.8586812019348145
2018-08-14,0.9630852341651917
2018-08-15,0.9634192585945129
2018-08-16,0.9501211047172546
2018-08-17,0.9727457165718079
2018-08-20,0.9779300689697266
2018-08-21,0.9955204725265503
2018-08-22,0.9967495203018188
2018-08-23,0.9957717061042786
2018-08-24,0.9963167905807495
2018-08-27,0.998593270778656
2018-08-28,0.9991008043289185
2018-08-29,0.9990400671958923
2018-08-30,0.9990712404251099
2018-08-31,0.9987624883651733
2018-09-04,0.9971776008605957
2018-09-05,0.9972169399261475
2018-09-06,0.9934048056602478
2018-09-07,0.9867335557937622
2018-09-10,0.9921963214874268
2018-09-11,0.9977545142173767
2018-09-12,0.9977922439575195
2018-09-13,0.9984265565872192
2018-09-14,0.9987820982933044
2018-09-17,0.9926664233207703
2018-09-18,0.9977261424064636
2018-09-19,0.996537446975708
2018-09-20,0.9989688396453857
2018-09-21,0.9989187717437744
2018-09-24,0.9970743656158447
2018-09-25,0.9967470169067383
2018-09-26,0.9930074214935303
2018-09-27,0.9957292675971985
2018-09-28,0.9974773526191711
2018-10-01,0.9979386925697327
2018-10-02,0.9982227683067322
2018-10-03,0.9982206225395203
2018-10-04,0.981290876865387
2018-10-05,0.9895045757293701
2018-10-08,0.9884405136108398
2018-10-09,0.9748801589012146
2018-10-10,0.01724046654999256
2018-10-11,0.010036218911409378
2018-10-12,0.008609388023614883
2018-10-15,0.00984856765717268
2018-10-16,0.005525039974600077
2018-10-17,0.006422906182706356
2018-10-18,0.0070226904936134815
2018-10-19,0.005441093817353249
2018-10-22,0.006587231066077948
2018-10-23,0.010072270408272743
2018-10-24,0.0090717738494277
2018-10-25,0.006333226338028908
2018-10-26,0.014402350410819054
2018-10-29,0.010528326034545898
2018-10-30,0.005008038133382797
2018-10-31,0.0031653065234422684
2018-11-01,0.004336562007665634
2018-11-02,0.0036088579799979925
2018-11-05,0.005537656135857105
2018-11-06,0.008838769979774952
2018-11-07,0.035683028399944305
2018-11-08,0.037131890654563904
2018-11-09,0.04625610262155533
2018-11-12,0.007803644053637981
2018-11-13,0.007196236867457628
2018-11-14,0.006471023894846439
2018-11-15,0.004572717938572168
2018-11-16,0.006004016846418381
2018-11-19,0.006781370844691992
2018-11-20,0.008570550009608269
2018-11-21,0.006964530795812607
2018-11-23,0.010500901378691196
2018-11-26,0.00403732992708683
2018-11-27,0.004366818815469742
2018-11-28,0.03946515545248985
2018-11-29,0.02097168378531933
2018-11-30,0.05900553986430168
2018-12-03,0.11711549013853073
2018-12-04,0.005223506595939398
2018-12-06,0.005142849870026112
2018-12-07,0.00780984852463007
2018-12-10,0.007184295449405909
2018-12-11,0.005659929942339659
2018-12-12,0.0044071264564991
2018-12-13,0.004698608536273241
2018-12-14,0.013815086334943771
2018-12-17,0.009072030894458294
2018-12-18,0.015306735411286354
2018-12-19,0.009072030894458294
2018-12-20,0.009986799210309982
2018-12-21,0.009986799210309982
2018-12-24,0.009986799210309982
2018-12-26,0.0043762968853116035
2018-12-27,0.003560522338375449
2018-12-28,0.003862550714984536
2018-12-31,0.003388984128832817
2019-01-02,0.008296101354062557
2019-01-03,0.009417015127837658
2019-01-04,0.01422895211726427
2019-01-07,0.017181362956762314
2019-01-08,0.056303881108760834
2019-01-09,0.14722034335136414
2019-01-10,0.4913083016872406
2019-01-11,0.31371474266052246
2019-01-14,0.03540484979748726
2019-01-15,0.8096394538879395
2019-01-16,0.6424177885055542
2019-01-17,0.5105569958686829
2019-01-18,0.6944237351417542
2019-01-22,0.6950767040252686
2019-01-23,0.8010594248771667
2019-01-24,0.7664476037025452
2019-01-25,0.9510293006896973
2019-01-28,0.5468496084213257
2019-01-29,0.45463618636131287
2019-01-30,0.9863077998161316
2019-01-31,0.9751617908477783
2019-02-01,0.9924255609512329
2019-02-04,0.9894793629646301
2019-02-05,0.990709662437439
2019-02-06,0.9957104921340942
2019-02-07,0.9885662198066711
2019-02-08,0.9846257567405701
2019-02-11,0.9923135638237
2019-02-12,0.9959361553192139
2019-02-13,0.9974983334541321
2019-02-14,0.9982814788818359
2019-02-15,0.9976486563682556
2019-02-19,0.9977355003356934
2019-02-20,0.9982478618621826
2019-02-21,0.9987192153930664
2019-02-22,0.9987934827804565
2019-02-25,0.999077320098877
2019-02-26,0.9994029998779297
2019-02-27,0.9995744824409485
2019-02-28,0.9988627433776855
2019-03-01,0.9994180202484131
2019-03-04,0.9991099238395691
2019-03-05,0.9989393353462219
2019-03-06,0.9961528182029724
2019-03-07,0.9862513542175293
2019-03-08,0.982607901096344
2019-03-11,0.9996259212493896
2019-03-12,0.9996349811553955
2019-03-13,0.9996129870414734
2019-03-14,0.9996953010559082
2019-03-15,0.9996447563171387
2019-03-18,0.9996084570884705
2019-03-19,0.9996953010559082
2019-03-20,0.9994107484817505
2019-03-21,0.9995662569999695
2019-03-22,0.9800078868865967
2019-03-25,0.9792045950889587
2019-03-26,0.9965458512306213
2019-03-27,0.9843083024024963
2019-03-28,0.9985613226890564
2019-03-29,0.9996417760848999
2019-04-01,0.9995168447494507
2019-04-02,0.9996334314346313
2019-04-03,0.9996696710586548
2019-04-04,0.9995773434638977
2019-04-05,0.9995291233062744
2019-04-08,0.9995728135108948
2019-04-09,0.9987987279891968
2019-04-10,0.9997218251228333
2019-04-11,0.9997439980506897
2019-04-12,0.9995757937431335
2019-04-15,0.9996955394744873
2019-04-16,0.9997227787971497
2019-04-17,0.999265730381012
2019-04-18,0.9996838569641113
2019-04-22,0.9996433258056641
2019-04-23,0.999180257320404
2019-04-24,0.9994869232177734
2019-04-25,0.9995817542076111
2019-04-26,0.9993502497673035
2019-04-29,0.9992904663085938
2019-04-30,0.9994187355041504
2019-05-01,0.9961832165718079
2019-05-02,0.9947408437728882
2019-05-03,0.9993705153465271
2019-05-06,0.9993176460266113
2019-05-07,0.9846371412277222
2019-05-08,0.9669287800788879
2019-05-09,0.9798157215118408
2019-05-10,0.9968107342720032
2019-05-13,0.6214407086372375
2019-05-14,0.42379385232925415
2019-05-15,0.9324891567230225
2019-05-16,0.9458712935447693
2019-05-17,0.8848379254341125
2019-05-20,0.725090503692627
2019-05-21,0.9732845425605774
2019-05-22,0.977512776851654
2019-05-23,0.9025797843933105
2019-05-24,0.8444205522537231
2019-05-28,0.5914866328239441
2019-05-29,0.4095185697078705
2019-05-30,0.5238790512084961
2019-05-31,0.10213395208120346
2019-06-03,0.10568885505199432
2019-06-04,0.8608773350715637
2019-06-05,0.9613112807273865
2019-06-06,0.9791791439056396
2019-06-07,0.996087908744812
2019-06-10,0.9990975856781006
2019-06-11,0.9990614056587219
2019-06-12,0.9994280934333801
2019-06-13,0.9996486902236938
2019-06-14,0.9994982481002808
2019-06-17,0.9995433688163757
2019-06-18,0.9995988011360168
2019-06-19,0.9995762705802917
2019-06-20,0.9995682835578918
2019-06-21,0.9996525049209595
2019-06-24,0.999731719493866
2019-06-25,0.9971206188201904
2019-06-26,0.9978280663490295
2019-06-27,0.9996432065963745
2019-06-28,0.9996709823608398
2019-07-01,0.9995948672294617
2019-07-02,0.9995999932289124
2019-07-03,0.9994254112243652
2019-07-05,0.9996148347854614
2019-07-08,0.9984201192855835
2019-07-09,0.9996360540390015
2019-07-10,0.9995501637458801
2019-07-11,0.9995501637458801
2019-07-12,0.9994615912437439
2019-07-15,0.9995729327201843
2019-07-16,0.9991856217384338
2019-07-17,0.993835985660553
2019-07-18,0.9995090961456299
2019-07-19,0.9959931373596191
2019-07-22,0.9990591406822205
2019-07-23,0.9994319081306458
2019-07-24,0.9993957281112671
2019-07-25,0.9991232752799988
2019-07-26,0.9994884729385376
2019-07-29,0.9995561242103577
2019-07-30,0.9989373087882996
2019-07-31,0.983463704586029
2019-08-01,0.9797302484512329
2019-08-02,0.9744632244110107
2019-08-05,0.06331981718540192
2019-08-06,0.2864687144756317
2019-08-07,0.3935708701610565
2019-08-08,0.7073347568511963
2019-08-09,0.5025659799575806
2019-08-12,0.27472129464149475
2019-08-13,0.543364942073822
2019-08-14,0.016943665221333504
2019-08-15,0.01837225630879402
2019-08-16,0.1106017455458641
2019-08-19,0.22076943516731262
2019-08-20,0.25687527656555176
2019-08-21,0.20269964635372162
2019-08-22,0.4671427607536316
2019-08-23,0.024064430966973305
2019-08-26,0.06974644213914871
2019-08-27,0.02368342876434326
2019-08-28,0.07002722471952438
2019-08-29,0.06306376308202744
2019-08-30,0.05956553667783737
2019-09-03,0.018445979803800583
2019-09-04,0.3746972978115082
2019-09-05,0.33616578578948975
2019-09-06,0.47631514072418213
2019-09-09,0.7389934062957764
2019-09-10,0.8392220735549927
2019-09-11,0.9855834245681763
2019-09-12,0.9938555359840393
2019-09-13,0.9962379932403564
2019-09-16,0.9873676300048828
2019-09-17,0.9987377524375916
2019-09-18,0.9989074468612671
2019-09-19,0.9992784857749939
2019-09-20,0.9954434633255005
2019-09-23,0.995728075504303
2019-09-24,0.9424723386764526
2019-09-25,0.9967824220657349
2019-09-26,0.991729199886322
2019-09-27,0.9853402972221375
2019-09-30,0.998145341873169
2019-10-01,0.9274915456771851
2019-10-02,0.3947860300540924
2019-10-03,0.3602125644683838
2019-10-04,0.8169070482254028
2019-10-07,0.5590448379516602
2019-10-08,0.1405431628227234
2019-10-09,0.5833070874214172
2019-10-10,0.5178004503250122
2019-10-11,0.8974365592002869
2019-10-14,0.9163208603858948
2019-10-15,0.9929928779602051
2019-10-16,0.9963352680206299
2019-10-17,0.9982439279556274
2019-10-18,0.9957925081253052
2019-10-21,0.999119222164154
2019-10-22,0.9993318915367126
2019-10-23,0.9994149208068848
2019-10-24,0.9994851350784302
2019-10-25,0.9996641874313354
2019-10-28,0.999618411064148
2019-10-29,0.99967360496521
2019-10-30,0.999624490737915
2019-10-31,0.999718964099884
2019-11-01,0.9996281862258911
2019-11-04,0.9995999932289124
2019-11-05,0.9997090697288513
2019-11-06,0.9997351765632629
2019-11-07,0.9996567964553833
2019-11-08,0.9996205568313599
2019-11-11,0.9997432827949524
2019-11-12,0.9997351765632629
2019-11-13,0.9997088313102722
2019-11-14,0.9996569156646729
2019-11-15,0.9992691874504089
2019-11-18,0.9993938207626343
2019-11-19,0.9995146989822388
2019-11-20,0.9990031123161316
2019-11-21,0.9984884262084961
2019-11-22,0.9996139407157898
2019-11-25,0.9992859959602356
2019-11-26,0.9993550181388855
2019-11-27,0.999213695526123
2019-11-29,0.9995570778846741
2019-12-02,0.9946717619895935
2019-12-03,0.9850078821182251
2019-12-04,0.9981856942176819
2019-12-05,0.9990850687026978
2019-12-06,0.999427080154419
2019-12-09,0.999538779258728
2019-12-10,0.9995379447937012
2019-12-11,0.9994764924049377
2019-12-12,0.9992859959602356
2019-12-13,0.9992805123329163
2019-12-16,0.9990952014923096
2019-12-17,0.9992165565490723
2019-12-18,0.9993476271629333
2019-12-19,0.9991826415061951
2019-12-20,0.9989898800849915
2019-12-23,0.9990398287773132
2019-12-24,0.9991102814674377
2019-12-26,0.9988860487937927
2019-12-27,0.9990227222442627
2019-12-30,0.9964659214019775
2019-12-31,0.999413251876831
2020-01-02,0.9989087581634521
2020-01-03,0.9986274242401123
2020-01-06,0.9986885190010071
2020-01-07,0.9980704188346863
2020-01-08,0.9991631507873535
2020-01-09,0.9989087581634521
2020-01-10,0.9990654587745667
2020-01-13,0.9989091157913208
2020-01-14,0.9989743232727051
2020-01-15,0.9989808201789856
2020-01-16,0.9983312487602234
2020-01-17,0.998238205909729
2020-01-21,0.9985466599464417
2020-01-22,0.9984135627746582
2020-01-23,0.9984135627746582
2020-01-24,0.9947096109390259
2020-01-27,0.8597372770309448
2020-01-28,0.9870709776878357
2020-01-29,0.992453396320343
2020-01-30,0.9911453127861023
2020-01-31,0.9409473538398743
2020-02-03,0.9797396063804626
2020-02-04,0.9808977246284485
2020-02-05,0.9803488850593567
2020-02-06,0.9916411638259888
2020-02-07,0.9956380724906921
2020-02-10,0.9918027520179749
2020-02-11,0.9985074400901794
2020-02-12,0.9985637068748474
2020-02-13,0.9989368319511414
2020-02-14,0.9989593029022217
2020-02-18,0.9981166124343872
2020-02-19,0.9990492463111877
2020-02-20,0.9976485371589661
2020-02-21,0.9930669069290161
2020-02-24,0.47743725776672363
2020-02-25,0.013977617025375366
2020-02-26,0.02077309414744377
2020-02-27,0.012805568985641003
2020-02-28,0.01812293939292431
2020-03-02,0.009748460724949837
2020-03-03,0.010483594611287117
2020-03-04,0.015980703756213188
2020-03-05,0.011788575910031796
2020-03-06,0.011108762584626675
2020-03-09,0.011955751106142998
2020-03-10,0.010070068761706352
2020-03-11,0.012393176555633545
2020-03-12,0.011955751106142998
2020-03-13,0.006160032469779253
2020-03-16,0.011831091716885567
2020-03-17,0.010413202457129955
2020-03-18,0.011250271461904049
2020-03-19,0.011002860963344574
2020-03-20,0.011964513920247555
2020-03-23,0.009257546626031399
2020-03-24,0.006066121160984039
2020-03-25,0.005473960656672716
2020-03-26,0.004776933696120977
2020-03-27,0.009086801670491695
2020-03-30,0.007412354461848736
2020-03-31,0.009643830358982086
2020-04-01,0.011985206976532936
2020-04-02,0.013865526765584946
2020-04-03,0.008768554776906967
2020-04-06,0.031237171962857246
2020-04-07,0.030769072473049164
2020-04-08,0.2509513199329376
2020-04-09,0.37638983130455017
2020-04-13,0.5167767405509949
2020-04-14,0.5470276474952698
2020-04-15,0.605003297328949
2020-04-16,0.7457278966903687
2020-04-17,0.777288556098938
2020-04-20,0.8434144854545593
2020-04-21,0.13382267951965332
2020-04-22,0.7021901607513428
2020-04-23,0.6700740456581116
2020-04-24,0.8486684560775757
2020-04-27,0.6817807555198669
2020-04-28,0.8557670712471008
2020-04-29,0.5988766551017761
2020-04-30,0.8950187563896179
2020-05-01,0.6405684947967529
2020-05-04,0.508568286895752
2020-05-05,0.7101350426673889
2020-05-06,0.4059276580810547
2020-05-07,0.833225667476654
2020-05-08,0.6134779453277588
2020-05-11,0.7761549949645996
2020-05-12,0.33177250623703003
2020-05-13,0.03910360857844353
2020-05-14,0.09438572824001312
2020-05-15,0.2196393460035324
2020-05-18,0.8360180258750916
2020-05-19,0.8374204635620117
2020-05-20,0.8770571947097778
2020-05-21,0.9102886915206909
2020-05-22,0.8680636882781982
2020-05-26,0.8923496007919312
2020-05-27,0.5484173893928528
2020-05-28,0.8710530996322632
2020-05-29,0.7944450974464417
2020-06-01,0.7400230169296265
2020-06-02,0.8096774220466614
2020-06-03,0.7785871028900146
2020-06-04,0.9824487566947937
2020-06-05,0.9027683138847351
2020-06-08,0.9197956323623657
2020-06-09,0.9960920214653015
2020-06-10,0.9955987930297852
2020-06-11,0.09167636185884476
2020-06-12,0.12600766122341156
2020-06-15,0.6369817852973938
2020-06-16,0.7249698042869568
2020-06-17,0.8671101927757263
2020-06-18,0.8271685838699341
2020-06-19,0.37935611605644226
2020-06-22,0.7707201838493347
2020-06-23,0.7364612817764282
2020-06-24,0.0705813616514206
2020-06-25,0.13779178261756897
2020-06-26,0.059311628341674805
2020-06-29,0.07468700408935547
2020-06-30,0.23050902783870697
2020-07-01,0.4090099036693573
2020-07-02,0.7513821125030518
2020-07-06,0.6263089179992676
2020-07-07,0.8483731746673584
2020-07-08,0.8865097165107727
2020-07-09,0.7688950300216675
2020-07-10,0.8355369567871094
2020-07-13,0.7061085104942322
2020-07-14,0.913539469242096
2020-07-15,0.9211122393608093
2020-07-16,0.9500823020935059
2020-07-17,0.9608176946640015
2020-07-20,0.9026076197624207
2020-07-21,0.9585483074188232
2020-07-22,0.8915415406227112
2020-07-23,0.9684349894523621
2020-07-24,0.7584428191184998
2020-07-27,0.976051926612854
2020-07-28,0.8286342024803162
2020-07-29,0.9847528338432312
2020-07-30,0.9726799726486206
2020-07-31,0.9955291152000427
2020-08-03,0.9941868782043457
2020-08-04,0.9953569769859314
2020-08-05,0.9960013031959534
2020-08-06,0.9956998825073242
2020-08-07,0.9958969354629517
2020-08-10,0.9958969354629517
2020-08-11,0.9972001314163208
2020-08-12,0.9980200529098511
2020-08-13,0.997849702835083
2020-08-14,0.9982093572616577
2020-08-17,0.9980834722518921
2020-08-18,0.9979771971702576
2020-08-19,0.9978813529014587
2020-08-20,0.9981973767280579
2020-08-21,0.9980706572532654
2020-08-24,0.9961191415786743
2020-08-25,0.9962959885597229
2020-08-26,0.9955827593803406
2020-08-27,0.9961560368537903
2020-08-28,0.9959724545478821
2020-08-31,0.998290479183197
2020-09-01,0.9977541565895081
2020-09-02,0.993280827999115
2020-09-03,0.9371866583824158
2020-09-04,0.7197251915931702
2020-09-08,0.035177458077669144
2020-09-09,0.10159755498170853
2020-09-10,0.05730929970741272
2020-09-11,0.031597960740327835
2020-09-14,0.048643823713064194
2020-09-15,0.053017374128103256
2020-09-16,0.03540924936532974
2020-09-17,0.011495224200189114
2020-09-18,0.020735587924718857
2020-09-21,0.03279681131243706
2020-09-22,0.032291214913129807
2020-09-23,0.052918944507837296
2020-09-24,0.021235259249806404
2020-09-25,0.014103797264397144
2020-09-28,0.020156603306531906
2020-09-29,0.05121134594082832
2020-09-30,0.028859779238700867
2020-10-01,0.29380398988723755
2020-10-02,0.042542874813079834
2020-10-05,0.7753816843032837
2020-10-06,0.048793405294418335
2020-10-07,0.8684831857681274
2020-10-08,0.969502866268158
2020-10-09,0.9307027459144592
2020-10-12,0.7568292021751404
2020-10-13,0.9743854403495789
2020-10-14,0.966915488243103
2020-10-15,0.9591360688209534
2020-10-16,0.9772152304649353
2020-10-19,0.12138055264949799
2020-10-20,0.45894110202789307
2020-10-21,0.32376933097839355
2020-10-22,0.5463756322860718
2020-10-23,0.965398907661438
2020-10-26,0.033084262162446976
2020-10-27,0.029296578839421272
2020-10-28,0.029037410393357277
2020-10-29,0.041670139878988266
2020-10-30,0.022037453949451447
2020-11-02,0.036381788551807404
2020-11-03,0.010070264339447021
2020-11-04,0.0968274474143982
2020-11-05,0.6667912602424622
2020-11-06,0.8314113616943359
2020-11-09,0.6107190847396851
2020-11-10,0.9112801551818848
2020-11-11,0.773078978061676
2020-11-12,0.9520947337150574
2020-11-13,0.956436812877655
2020-11-16,0.8984590172767639
2020-11-17,0.9719184637069702
2020-11-18,0.960003137588501
2020-11-19,0.9730209112167358
2020-11-20,0.8831316828727722
2020-11-23,0.9739933013916016
2020-11-24,0.9831601977348328
2020-11-25,0.9910733103752136
2020-11-27,0.9975626468658447
2020-11-30,0.9970912933349609
2020-12-01,0.9986403584480286
2020-12-02,0.9983903169631958
2020-12-03,0.9987533092498779
2020-12-04,0.9976724982261658
2020-12-07,0.9988359808921814
2020-12-08,0.9987697005271912
2020-12-09,0.998218834400177
2020-12-10,0.9967639446258545
2020-12-11,0.9957540035247803
2020-12-14,0.9929332733154297
2020-12-15,0.9987568855285645
2020-12-16,0.9988754391670227
2020-12-17,0.998736560344696
2020-12-18,0.9991472959518433
2020-12-21,0.9973439574241638
2020-12-22,0.9950336217880249
2020-12-23,0.9983823299407959
2020-12-24,0.9991425275802612
2020-12-28,0.9992212057113647
2020-12-29,0.999290943145752
2020-12-30,0.9993177652359009
2020-12-31,0.9993071556091309
2021-01-04,0.977790892124176
2021-01-05,0.9990993738174438
2021-01-06,0.9991700649261475
2021-01-07,0.9990167617797852
2021-01-08,0.998818576335907
2021-01-11,0.9991704225540161
2021-01-12,0.9992610812187195
2021-01-13,0.9992967844009399
2021-01-14,0.9986724853515625
2021-01-15,0.9740450978279114
2021-01-19,0.9992604851722717
2021-01-20,0.9991474151611328
2021-01-21,0.9993500113487244
2021-01-22,0.9994326233863831
2021-01-25,0.9993744492530823
2021-01-26,0.9993759989738464
2021-01-27,0.9035621881484985
2021-01-28,0.9641355872154236
2021-01-29,0.7470778226852417
2021-02-01,0.9363323450088501
2021-02-02,0.9556726813316345
2021-02-03,0.9741306304931641
2021-02-04,0.993878185749054
2021-02-05,0.9965953230857849
2021-02-08,0.9955993890762329
2021-02-09,0.9983104467391968
2021-02-10,0.9984959363937378
2021-02-11,0.9989972710609436
2021-02-12,0.9985001087188721
2021-02-16,0.9991829991340637
2021-02-17,0.9992160797119141
2021-02-18,0.994144856929779
2021-02-19,0.9906120896339417
2021-02-22,0.9579230546951294
2021-02-23,0.9838850498199463
2021-02-24,0.999305248260498
2021-02-25,0.8357341289520264
2021-02-26,0.8903546333312988
2021-03-01,0.9752116799354553
2021-03-02,0.9823070168495178
2021-03-03,0.6736575365066528
2021-03-04,0.6440723538398743
2021-03-05,0.9229862093925476
2021-03-08,0.774605929851532
2021-03-09,0.8947136402130127
2021-03-10,0.9871532320976257
2021-03-11,0.9938464760780334
2021-03-12,0.9974834322929382
2021-03-15,0.9976529479026794
2021-03-16,0.9987793564796448
2021-03-17,0.9986697435379028
2021-03-18,0.9547539949417114
2021-03-19,0.9754168391227722
2021-03-22,0.9976020455360413
2021-03-23,0.9806717038154602
2021-03-24,0.9715951681137085
2021-03-25,0.9967862367630005
2021-03-26,0.9990957975387573
2021-03-29,0.999126136302948
2021-03-30,0.998296320438385
2021-03-31,0.999371349811554
2021-04-01,0.9987735152244568
2021-04-05,0.9979861974716187
2021-04-06,0.9987848401069641
2021-04-07,0.9990641474723816
2021-04-08,0.9990212917327881
2021-04-09,0.9987848401069641
2021-04-12,0.9990641474723816
2021-04-13,0.9990641474723816
2021-04-14,0.9994264841079712
2021-04-15,0.9988359808921814
2021-04-16,0.9989697933197021
2021-04-19,0.9994000196456909
2021-04-20,0.9919650554656982
2021-04-21,0.9993488192558289
2021-04-22,0.9920057654380798
2021-04-23,0.9991913437843323
2021-04-26,0.9992297887802124
2021-04-27,0.9994264841079712
2021-04-28,0.9993759989738464
2021-04-29,0.9992639422416687
2021-04-30,0.9979857206344604
2021-05-03,0.9994000196456909
2021-05-04,0.9907128214836121
2021-05-05,0.9977458119392395
2021-05-06,0.9994031190872192
2021-05-07,0.9989107847213745
2021-05-10,0.990748941898346
2021-05-11,0.9495110511779785
2021-05-12,0.9015229344367981
2021-05-13,0.9921167492866516
2021-05-14,0.9910948276519775
2021-05-17,0.994541585445404
2021-05-18,0.9846892356872559
2021-05-19,0.9773183465003967
2021-05-20,0.9947781562805176
2021-05-21,0.996240496635437
2021-05-24,0.9967666864395142
2021-05-25,0.996895432472229
2021-05-26,0.9978381991386414
2021-05-27,0.9977666139602661
2021-05-28,0.9980328679084778
2021-06-01,0.9978228807449341
2021-06-02,0.9981703758239746
2021-06-03,0.9844560623168945
2021-06-04,0.9994493126869202
2021-06-07,0.9994889497756958
2021-06-08,0.9994853734970093
2021-06-09,0.9979450106620789
2021-06-10,0.999473512172699
2021-06-11,0.9994157552719116
2021-06-14,0.9992005228996277
2021-06-15,0.9994439482688904
2021-06-16,0.982236921787262
2021-06-17,0.9914450645446777
2021-06-18,0.9738283157348633
2021-06-21,0.9979787468910217
2021-06-22,0.9986833930015564
2021-06-23,0.998783528804779
2021-06-24,0.9992671608924866
2021-06-25,0.999239444732666
2021-06-28,0.9994390606880188
2021-06-29,0.9994390606880188
2021-06-30,0.9994390606880188
2021-07-01,0.9990037083625793
2021-07-02,0.9988111257553101
2021-07-06,0.9993662238121033
2021-07-07,0.9993398785591125
2021-07-08,0.9943407773971558
2021-07-09,0.9991699457168579
2021-07-12,0.9993452429771423
2021-07-13,0.9993302822113037
2021-07-14,0.9994375109672546
2021-07-15,0.9976945519447327
2021-07-16,0.9454090595245361
2021-07-19,0.9693565368652344
2021-07-20,0.9973848462104797
2021-07-21,0.9985498785972595
2021-07-22,0.9985242486000061
2021-07-23,0.9990578293800354
2021-07-26,0.9989363551139832
2021-07-27,0.9990708827972412
2021-07-28,0.9993163347244263
2021-07-29,0.9992054104804993
2021-07-30,0.9967668056488037
2021-08-02,0.9556204080581665
2021-08-03,0.9993875026702881
2021-08-04,0.9975764155387878
2021-08-05,0.9994810223579407
2021-08-06,0.9994117021560669
2021-08-09,0.999458372592926
2021-08-10,0.9994117021560669
2021-08-11,0.999415397644043
2021-08-12,0.9990968704223633
2021-08-13,0.9990472197532654
2021-08-16,0.9990472197532654
2021-08-17,0.9895424842834473
2021-08-18,0.9530282616615295
2021-08-19,0.988563060760498
2021-08-20,0.9964229464530945
2021-08-23,0.9991517066955566
2021-08-24,0.9994120597839355
2021-08-25,0.9993909597396851
2021-08-26,0.9965026378631592
2021-08-27,0.9993684887886047
2021-08-30,0.9993626475334167
2021-08-31,0.9993880987167358
2021-09-01,0.9993880987167358
2021-09-02,0.9993662238121033
2021-09-03,0.9993662238121033
2021-09-07,0.9973589777946472
2021-09-08,0.9945989847183228
2021-09-09,0.977017879486084
2021-09-10,0.9696907997131348
2021-09-13,0.9963906407356262
2021-09-14,0.971961498260498
2021-09-15,0.9986050724983215
2021-09-16,0.9975883960723877
2021-09-17,0.9646733999252319
2021-09-20,0.9661218523979187
2021-09-21,0.9822252988815308
2021-09-22,0.9975304007530212
2021-09-23,0.9962084293365479
2021-09-24,0.9950495362281799
2021-09-27,0.9933226704597473
2021-09-28,0.9604422450065613
2021-09-29,0.9899595975875854
2021-09-30,0.8693961501121521
2021-10-01,0.9885833263397217
2021-10-04,0.8173927068710327
2021-10-05,0.9719213247299194
2021-10-06,0.9851861596107483
2021-10-07,0.9923927783966064
2021-10-08,0.9949316382408142
2021-10-11,0.9763799905776978
2021-10-12,0.9786553382873535
2021-10-13,0.9947341680526733
2021-10-14,0.9927984476089478
2021-10-15,0.996593177318573
2021-10-18,0.9990966320037842
2021-10-19,0.9989544153213501
2021-10-20,0.9988572597503662
2021-10-21,0.9990179538726807
2021-10-22,0.9994736313819885
2021-10-25,0.9991355538368225
2021-10-26,0.9992163181304932
2021-10-27,0.9988968372344971
2021-10-28,0.9994513392448425
2021-10-29,0.9994029998779297
2021-11-01,0.9993917942047119
2021-11-02,0.9991126656532288
2021-11-03,0.9988111257553101
2021-11-04,0.9988111257553101
2021-11-05,0.9989368319511414
2021-11-08,0.9989833235740662
2021-11-09,0.9990503191947937
2021-11-10,0.9897394776344299
2021-11-11,0.9933928847312927
2021-11-12,0.9993715882301331
2021-11-15,0.9994114637374878
2021-11-16,0.9993662238121033
2021-11-17,0.9994114637374878
2021-11-18,0.9993662238121033
2021-11-19,0.9993880987167358
2021-11-22,0.9967775940895081
2021-11-23,0.9993335604667664
2021-11-24,0.9993877410888672
2021-11-26,0.931883692741394
2021-11-29,0.9967600703239441
2021-11-30,0.9268137812614441
2021-12-01,0.8786581158638
2021-12-02,0.9465581774711609
2021-12-03,0.9210094213485718
2021-12-06,0.9852331280708313
2021-12-07,0.9899957180023193
2021-12-08,0.9955207109451294
2021-12-09,0.9958845973014832
2021-12-10,0.9979922771453857
2021-12-13,0.9735432863235474
2021-12-14,0.9633333086967468
2021-12-15,0.997137188911438
2021-12-16,0.9845102429389954
2021-12-17,0.9035907983779907
2021-12-20,0.9353139400482178
2021-12-21,0.9911066889762878
2021-12-22,0.995859682559967
2021-12-23,0.9976907968521118
2021-12-27,0.9969037175178528
2021-12-28,0.9989245533943176
2021-12-29,0.9990769624710083
2021-12-30,0.99935382604599
2021-12-31,0.9970641732215881
2022-01-03,0.999346911907196
2022-01-04,0.999426007270813
2022-01-05,0.9875679016113281
2022-01-06,0.9923725128173828
2022-01-07,0.9894024133682251
2022-01-10,0.9898452758789062
2022-01-11,0.995550274848938
2022-01-12,0.9933907985687256
2022-01-13,0.9952996969223022
2022-01-14,0.9897395968437195
2022-01-18,0.5368790626525879
2022-01-19,0.16436369717121124
2022-01-20,0.021442318335175514
2022-01-21,0.01631017215549946
2022-01-24,0.026735464110970497
2022-01-25,0.016192832961678505
2022-01-26,0.026726901531219482
2022-01-27,0.011884369887411594
2022-01-28,0.04028339684009552
2022-01-31,0.09582304954528809
2022-02-01,0.35805389285087585
2022-02-02,0.6230844855308533
2022-02-03,0.06894578039646149
2022-02-04,0.0605538971722126
2022-02-07,0.054369017481803894
2022-02-08,0.17026080191135406
2022-02-09,0.7458502054214478
2022-02-10,0.13312605023384094
2022-02-11,0.013408565893769264
2022-02-14,0.019030410796403885
2022-02-15,0.053288236260414124
2022-02-16,0.06414949893951416
2022-02-17,0.011635883711278439
2022-02-18,0.015256120823323727
2022-02-22,0.010628124698996544
2022-02-23,0.00703170383349061
2022-02-24,0.009590351954102516
2022-02-25,0.02794446423649788
2022-02-28,0.02765287272632122
2022-03-01,0.010171371512115002
2022-03-02,0.03931208327412605
2022-03-03,0.042238954454660416
2022-03-04,0.0125121446326375
2022-03-07,0.02314189076423645
2022-03-08,0.04166925698518753
2022-03-09,0.01590491458773613
2022-03-10,0.012921202927827835
2022-03-11,0.02896050177514553
2022-03-14,0.016769781708717346
2022-03-15,0.007116599008440971
2022-03-16,0.2265884280204773
2022-03-17,0.4558691084384918
2022-03-18,0.43555209040641785
2022-03-21,0.5333576798439026
2022-03-22,0.8622856736183167
2022-03-23,0.8947988748550415
2022-03-24,0.9863426089286804
2022-03-25,0.9842063188552856
2022-03-28,0.9747236371040344
2022-03-29,0.9794862270355225
2022-03-30,0.9909272193908691
2022-03-31,0.953019380569458
2022-04-01,0.9660587906837463
2022-04-04,0.9890967011451721
2022-04-05,0.6194016933441162
2022-04-06,0.5523437261581421
2022-04-07,0.39287269115448
2022-04-08,0.4198424816131592
2022-04-11,0.3247750997543335
2022-04-12,0.3506121337413788
2022-04-13,0.32019343972206116
2022-04-14,0.25593993067741394
2022-04-18,0.1968718022108078
2022-04-19,0.2985231280326843
2022-04-20,0.22228582203388214
2022-04-21,0.44007086753845215
2022-04-22,0.012523219920694828
2022-04-25,0.011346758343279362
2022-04-26,0.02110849879682064
2022-04-27,0.026986578479409218
2022-04-28,0.05191950500011444
2022-04-29,0.02579677291214466
2022-05-02,0.014235093258321285
2022-05-03,0.016566501930356026
2022-05-04,0.06962794065475464
2022-05-05,0.018165523186326027
2022-05-06,0.01966148242354393
2022-05-09,0.019708774983882904
2022-05-10,0.01727680303156376
2022-05-11,0.01811065711081028
2022-05-12,0.02398010902106762
2022-05-13,0.008288968354463577
2022-05-16,0.012769138440489769
2022-05-17,0.009181557223200798
2022-05-18,0.01822073757648468
2022-05-19,0.01460059080272913
2022-05-20,0.014715133234858513
2022-05-23,0.00824323296546936
2022-05-24,0.012478488497436047
2022-05-25,0.0074758525006473064
2022-05-26,0.012075780890882015
2022-05-27,0.09947250038385391
2022-05-31,0.14382362365722656
2022-06-01,0.06485944986343384
2022-06-02,0.20099614560604095
2022-06-03,0.09801919013261795
2022-06-06,0.16524723172187805
2022-06-07,0.21853069961071014
2022-06-08,0.1181873083114624
2022-06-09,0.01147270668298006
2022-06-10,0.029535209760069847
2022-06-13,0.016640091314911842
2022-06-14,0.01597559079527855
2022-06-15,0.015976525843143463
2022-06-16,0.018946560099720955
2022-06-17,0.015749841928482056
2022-06-21,0.00686917919665575
2022-06-22,0.010817259550094604
2022-06-23,0.007877272553741932
2022-06-24,0.013719428330659866
2022-06-27,0.011901583522558212
2022-06-28,0.013283027336001396
2022-06-29,0.012058442458510399
2022-06-30,0.013665341772139072
2022-07-01,0.011477779597043991
2022-07-05,0.012001028284430504
2022-07-06,0.01029924675822258
2022-07-07,0.024219699203968048
2022-07-08,0.042450886219739914
2022-07-11,0.023248296231031418
2022-07-12,0.019914468750357628
2022-07-13,0.0368637852370739
2022-07-14,0.04188631474971771
2022-07-15,0.27587953209877014
2022-07-18,0.0929521769285202
2022-07-19,0.8720971941947937
2022-07-20,0.8991084098815918
2022-07-21,0.9464723467826843
2022-07-22,0.9790582060813904
2022-07-25,0.9811450839042664
2022-07-26,0.8004707098007202
2022-07-27,0.9819048047065735
2022-07-28,0.9940871000289917
2022-07-29,0.9944708347320557
2022-08-01,0.9957910776138306
2022-08-02,0.9976820945739746
2022-08-03,0.9974958300590515
2022-08-04,0.999377429485321
2022-08-05,0.9989479184150696
2022-08-08,0.9983970522880554
2022-08-09,0.9968383312225342
2022-08-10,0.9984802603721619
2022-08-11,0.9985631108283997
2022-08-12,0.9974315762519836
2022-08-15,0.9976790547370911
2022-08-16,0.9977338314056396
2022-08-17,0.9986975193023682
2022-08-18,0.9991793036460876
2022-08-19,0.994724690914154
2022-08-22,0.8004530668258667
2022-08-23,0.8744093775749207
2022-08-24,0.7803934216499329
2022-08-25,0.9900164008140564
2022-08-26,0.8429544568061829
2022-08-29,0.8733841776847839
2022-08-30,0.6560213565826416
2022-08-31,0.5091330409049988
2022-09-01,0.4779314696788788
2022-09-02,0.0999627336859703
2022-09-06,0.05979178845882416
2022-09-07,0.3446263074874878
2022-09-08,0.3241330683231354
2022-09-09,0.3038816452026367
2022-09-12,0.30803918838500977
2022-09-13,0.1450251340866089
2022-09-14,0.09941089898347855
2022-09-15,0.03344104439020157
2022-09-16,0.022799033671617508
2022-09-19,0.046773601323366165
2022-09-20,0.02057933621108532
2022-09-21,0.022740254178643227
2022-09-22,0.020617088302969933
2022-09-23,0.019208818674087524
2022-09-26,0.019807999953627586
2022-09-27,0.016991782933473587
2022-09-28,0.010127304121851921
2022-09-29,0.0237398911267519
2022-09-30,0.020906781777739525
2022-10-03,0.009718140587210655
2022-10-04,0.011387806385755539
2022-10-05,0.012495964765548706
2022-10-06,0.015709133818745613
2022-10-07,0.02218368463218212
2022-10-10,0.020764408633112907
2022-10-11,0.023698294535279274
2022-10-12,0.019965259358286858
2022-10-13,0.014606814831495285
2022-10-14,0.019188858568668365
2022-10-17,0.008146109990775585
2022-10-18,0.015709834173321724
2022-10-19,0.01888630911707878
2022-10-20,0.01677820459008217
2022-10-21,0.15753073990345
2022-10-24,0.2970770001411438
2022-10-25,0.8852505087852478
2022-10-26,0.9507034420967102
2022-10-27,0.924660325050354
2022-10-28,0.9823071956634521
2022-10-31,0.9805795550346375
2022-11-01,0.971769392490387
2022-11-02,0.25893571972846985
2022-11-03,0.09424754977226257
2022-11-04,0.6292569637298584
2022-11-07,0.7872991561889648
2022-11-08,0.9374003410339355
2022-11-09,0.2724617123603821
2022-11-10,0.9891999959945679
2022-11-11,0.9922744631767273
2022-11-14,0.9960224032402039
2022-11-15,0.9982598423957825
2022-11-16,0.9975875616073608
2022-11-17,0.9972266554832458
2022-11-18,0.996772825717926
2022-11-21,0.9923442006111145
2022-11-22,0.9893302321434021
2022-11-23,0.9844915270805359
2022-11-25,0.9906616806983948
2022-11-28,0.9536963105201721
2022-11-29,0.9225881695747375
2022-11-30,0.9920703768730164
2022-12-01,0.9937888979911804
2022-12-02,0.9970212578773499
2022-12-05,0.9562485218048096
2022-12-06,0.7062452435493469
2022-12-07,0.6725685596466064
2022-12-08,0.8127696514129639
2022-12-09,0.4603637456893921
2022-12-12,0.9087501168251038
2022-12-13,0.9562847018241882
2022-12-14,0.8931999802589417
2022-12-15,0.6337012052536011
2022-12-16,0.7531598210334778
2022-12-19,0.22634567320346832
2022-12-20,0.17475344240665436
2022-12-21,0.21671196818351746
2022-12-22,0.15957987308502197
2022-12-23,0.30928441882133484
2022-12-27,0.27058616280555725
2022-12-28,0.1868768036365509
2022-12-29,0.26450714468955994
2022-12-30,0.3893939256668091
2023-01-03,0.10745082795619965
2023-01-04,0.09155909717082977
2023-01-05,0.0707339346408844
2023-01-06,0.120974600315094
2023-01-09,0.23320604860782623
2023-01-10,0.2693794369697571
2023-01-11,0.9245268106460571
2023-01-12,0.9436327219009399
2023-01-13,0.9607387781143188
2023-01-17,0.9874500036239624
2023-01-18,0.4693988859653473
2023-01-19,0.274643212556839
2023-01-20,0.9117711186408997
2023-01-23,0.9466068148612976
2023-01-24,0.9752357006072998
2023-01-25,0.9852989912033081
2023-01-26,0.9942525029182434
2023-01-27,0.99817955493927
2023-01-30,0.9607036709785461
2023-01-31,0.9927465319633484
2023-02-01,0.9962303042411804
2023-02-02,0.9940422177314758
2023-02-03,0.9947538375854492
2023-02-06,0.984510600566864
2023-02-07,0.9956875443458557
2023-02-08,0.9842662811279297
2023-02-09,0.9276018738746643
2023-02-10,0.983939528465271
2023-02-13,0.9929577112197876
2023-02-14,0.9952197670936584
2023-02-15,0.9972672462463379
2023-02-16,0.9654839038848877
2023-02-17,0.9680196046829224
2023-02-21,0.2427862286567688
2023-02-22,0.41635969281196594
2023-02-23,0.7247099876403809
2023-02-24,0.3207874000072479
2023-02-27,0.7299374341964722
2023-02-28,0.8808847069740295
2023-03-01,0.8428565263748169
2023-03-02,0.9047377109527588
2023-03-03,0.9022864699363708
2023-03-06,0.9553157091140747
2023-03-07,0.8244703412055969
2023-03-08,0.8436066508293152
2023-03-09,0.09569407999515533
2023-03-10,0.009983730502426624
2023-03-13,0.013291842304170132
2023-03-14,0.0473310723900795
2023-03-15,0.06736313551664352
2023-03-16,0.12339640408754349
2023-03-17,0.052031029015779495
2023-03-20,0.14467711746692657
2023-03-21,0.5581578016281128
2023-03-22,0.07687880098819733
2023-03-23,0.10775426030158997
2023-03-24,0.11573639512062073
2023-03-27,0.34764203429222107
2023-03-28,0.5714960694313049
2023-03-29,0.9581444263458252
2023-03-30,0.9840419292449951
2023-03-31,0.9769417643547058
2023-04-03,0.9924554824829102
2023-04-04,0.9908092021942139
2023-04-05,0.9965649247169495
2023-04-06,0.9976677298545837
2023-04-10,0.9979692101478577
2023-04-11,0.9979116320610046
2023-04-12,0.9946973323822021
2023-04-13,0.9984813332557678
2023-04-14,0.9984551668167114
2023-04-17,0.9989749193191528
2023-04-18,0.9989802241325378
2023-04-19,0.9987188577651978
2023-04-20,0.9940131306648254
2023-04-21,0.9979706406593323
2023-04-24,0.9980124235153198
2023-04-25,0.9662404656410217
2023-04-26,0.8827712535858154
2023-04-27,0.9906092882156372
2023-04-28,0.9962033629417419
2023-05-01,0.9977691173553467
2023-05-02,0.9723089337348938
2023-05-03,0.9257497191429138
2023-05-04,0.8930842280387878
2023-05-05,0.9810303449630737
2023-05-08,0.9860016107559204
2023-05-09,0.9866742491722107
2023-05-10,0.9931567311286926
2023-05-11,0.9879499673843384
2023-05-12,0.995093822479248
2023-05-15,0.9940137267112732
2023-05-16,0.982909083366394
2023-05-17,0.9976525902748108
2023-05-18,0.9985257983207703
2023-05-19,0.9990719556808472
2023-05-22,0.9987560510635376
2023-05-23,0.9784057140350342
2023-05-24,0.8743307590484619
2023-05-25,0.9931035041809082
2023-05-26,0.9982799291610718
2023-05-30,0.9988046884536743
2023-05-31,0.9964009523391724
2023-06-01,0.9988787770271301
2023-06-02,0.9968474507331848
2023-06-05,0.9989093542098999
2023-06-06,0.9988717436790466
2023-06-07,0.9987730383872986
2023-06-08,0.9990004897117615
2023-06-09,0.9989870190620422
2023-06-12,0.9989575147628784
2023-06-13,0.9984281063079834
2023-06-14,0.9985089898109436
2023-06-15,0.9978405237197876
2023-06-16,0.9984683394432068
2023-06-20,0.9984764456748962
2023-06-21,0.989762008190155
2023-06-22,0.998634397983551
2023-06-23,0.979373037815094
2023-06-26,0.9639660716056824
2023-06-27,0.9977625608444214
2023-06-28,0.9979211688041687
2023-06-29,0.9990034699440002
2023-06-30,0.9987938404083252
2023-07-03,0.998857855796814
2023-07-05,0.9990149736404419
2023-07-06,0.994525671005249
2023-07-07,0.9892288446426392
2023-07-10,0.9983084201812744
2023-07-11,0.9989509582519531
2023-07-12,0.9989916682243347
2023-07-13,0.9986816048622131
2023-07-14,0.9989546537399292
2023-07-17,0.998678982257843
2023-07-18,0.9986472725868225
2023-07-19,0.9986176490783691
2023-07-20,0.9987020492553711
2023-07-21,0.9988320469856262
2023-07-24,0.9987788796424866
2023-07-25,0.9990113973617554
2023-07-26,0.9988077878952026
2023-07-27,0.9947959780693054
2023-07-28,0.9987334609031677
2023-07-31,0.9987221360206604
2023-08-01,0.9987952709197998
2023-08-02,0.8857269883155823
2023-08-03,0.9744568467140198
2023-08-04,0.9627093076705933
2023-08-07,0.9971755743026733
2023-08-08,0.9972466230392456
2023-08-09,0.973959743976593
2023-08-10,0.9867391586303711
2023-08-11,0.9925973415374756
2023-08-14,0.9969809651374817
2023-08-15,0.927222490310669
2023-08-16,0.6257814168930054
2023-08-17,0.9282703399658203
2023-08-18,0.92097008228302
2023-08-21,0.9514806270599365
2023-08-22,0.96684730052948
2023-08-23,0.9835563898086548
2023-08-24,0.9650956988334656
2023-08-25,0.9506627321243286
2023-08-28,0.9818238615989685
2023-08-29,0.9931511878967285
2023-08-30,0.9978848099708557
2023-08-31,0.9977057576179504
2023-09-01,0.9982718229293823
2023-09-05,0.9961681962013245
2023-09-06,0.9258571863174438
2023-09-07,0.9012234807014465
2023-09-08,0.9868069291114807
2023-09-11,0.9894375801086426
2023-09-12,0.9872898459434509
2023-09-13,0.9923338890075684
2023-09-14,0.9978333115577698
2023-09-15,0.9595904350280762
2023-09-18,0.9813419580459595
2023-09-19,0.9487250447273254
2023-09-20,0.9050561785697937
2023-09-21,0.9259309768676758
2023-09-22,0.9303944110870361
2023-09-25,0.9516483545303345
2023-09-26,0.9102426767349243
2023-09-27,0.888459324836731
2023-09-28,0.9639285802841187
2023-09-29,0.9042869806289673
2023-10-02,0.9293301701545715
2023-10-03,0.835206925868988
2023-10-04,0.9386209845542908
2023-10-05,0.9316425323486328
2023-10-06,0.9491369128227234
2023-10-09,0.94435054063797
2023-10-10,0.9624350666999817
2023-10-11,0.9820742011070251
2023-10-12,0.9639098644256592
2023-10-13,0.9434616565704346
2023-10-16,0.9860714077949524
2023-10-17,0.9840701818466187
2023-10-18,0.9133924245834351
2023-10-19,0.8884913921356201
2023-10-20,0.8408882021903992
2023-10-23,0.8011566996574402
2023-10-24,0.932528555393219
2023-10-25,0.8891593813896179
2023-10-26,0.5710254311561584
2023-10-27,0.7610939741134644
2023-10-30,0.9362484216690063
2023-10-31,0.9338987469673157
2023-11-01,0.9463854432106018
2023-11-02,0.9243302941322327
2023-11-03,0.959355890750885
2023-11-06,0.9792641997337341
2023-11-07,0.9897629022598267
2023-11-08,0.991358757019043
2023-11-09,0.9387539029121399
2023-11-10,0.9932015538215637
2023-11-13,0.9947551488876343
2023-11-14,0.9939762353897095
2023-11-15,0.9961909055709839
2023-11-16,0.9972367286682129
2023-11-17,0.9977818131446838
2023-11-20,0.9978759288787842
2023-11-21,0.9984211921691895
2023-11-22,0.9987128973007202
2023-11-24,0.9989150762557983
2023-11-27,0.9987530708312988
2023-11-28,0.9988086223602295
2023-11-29,0.9983503818511963
2023-11-30,0.9984204769134521
2023-12-01,0.9981017708778381
2023-12-04,0.9982251524925232
2023-12-05,0.9981338381767273
2023-12-06,0.9890227317810059
2023-12-07,0.9986854195594788
2023-12-08,0.9989088773727417
2023-12-11,0.9988301396369934
2023-12-12,0.9987803101539612
2023-12-13,0.9980217218399048
2023-12-14,0.9985336065292358
2023-12-15,0.99896240234375
2023-12-18,0.9986635446548462
2023-12-19,0.9986114501953125
2023-12-20,0.9857692122459412
2023-12-21,0.996634304523468
2023-12-22,0.9983490705490112
2023-12-26,0.9985402822494507
2023-12-27,0.9986743927001953
2023-12-28,0.998964786529541
2023-12-29,0.9989571571350098
2024-01-02,0.9915677905082703
2024-01-03,0.9835423231124878
2024-01-04,0.9805321097373962
2024-01-05,0.9897342920303345
2024-01-08,0.9976723790168762
2024-01-09,0.9975590705871582
2024-01-10,0.9984779953956604
2024-01-11,0.9984172582626343
2024-01-12,0.998139500617981
2024-01-16,0.9945045113563538
2024-01-17,0.9847193956375122
2024-01-18,0.9974223375320435
2024-01-19,0.9984489679336548
2024-01-22,0.998267650604248
2024-01-23,0.9981039762496948
2024-01-24,0.9979733824729919
2024-01-25,0.9970007538795471
2024-01-26,0.9981545805931091
2024-01-29,0.9965429902076721
2024-01-30,0.9979057312011719
2024-01-31,0.9805837869644165
2024-02-01,0.9972123503684998
2024-02-02,0.9979349374771118
2024-02-05,0.9976020455360413
2024-02-06,0.998832643032074
2024-02-07,0.998683512210846
2024-02-08,0.9986953139305115
2024-02-09,0.9985671043395996
2024-02-12,0.9985962510108948
2024-02-13,0.9733473062515259
2024-02-14,0.9971621632575989
2024-02-15,0.9980974793434143
2024-02-16,0.9962980151176453
2024-02-20,0.9778528809547424
2024-02-21,0.990675687789917
2024-02-22,0.9976752400398254
2024-02-23,0.9985876083374023
2024-02-26,0.9990414977073669
2024-02-27,0.9989315867424011
2024-02-28,0.9986819624900818
2024-02-29,0.9987539052963257
2024-03-01,0.9979193806648254
2024-03-04,0.998387336730957
2024-03-05,0.9926672577857971
2024-03-06,0.9978863596916199
2024-03-07,0.9986674785614014
2024-03-08,0.9978049397468567
2024-03-11,0.9972695708274841
2024-03-12,0.9986349940299988
2024-03-13,0.9988386034965515
2024-03-14,0.997946560382843
2024-03-15,0.9918383955955505
2024-03-18,0.9975695013999939
2024-03-19,0.9985904097557068
2024-03-20,0.9982115030288696
2024-03-21,0.9982091188430786
2024-03-22,0.9983419179916382
2024-03-25,0.9979935884475708
2024-03-26,0.9964736104011536
2024-03-27,0.9982159733772278
2024-03-28,0.9978939890861511
2024-04-01,0.9978849291801453
2024-04-02,0.9850317239761353
2024-04-03,0.992245614528656
2024-04-04,0.9605789184570312
2024-04-05,0.9928394556045532
2024-04-08,0.9935423135757446
2024-04-09,0.9893839955329895
2024-04-10,0.9717245101928711
2024-04-11,0.9904572367668152
2024-04-12,0.938892662525177
2024-04-15,0.913881242275238
2024-04-16,0.916556179523468
2024-04-17,0.8349539637565613
2024-04-18,0.7685698866844177
2024-04-19,0.5641699433326721
2024-04-22,0.830051600933075
2024-04-23,0.7945393919944763
2024-04-24,0.6438170075416565
2024-04-25,0.8082822561264038
2024-04-26,0.7772212028503418
2024-04-29,0.9229608774185181
2024-04-30,0.7716060876846313
2024-05-01,0.7794657945632935
2024-05-02,0.8084595799446106
2024-05-03,0.9465264678001404
2024-05-06,0.99647456407547
2024-05-07,0.99600750207901
2024-05-08,0.996792733669281
2024-05-09,0.9968233108520508
2024-05-10,0.9980990290641785
2024-05-13,0.9985936284065247
2024-05-14,0.9978749752044678
2024-05-15,0.9980441331863403
2024-05-16,0.9988042116165161
2024-05-17,0.9987592697143555
2024-05-20,0.9987592697143555
2024-05-21,0.9986967444419861
2024-05-22,0.9987404942512512
2024-05-23,0.9916983842849731
2024-05-24,0.9985668063163757
2024-05-28,0.9987126588821411
2024-05-29,0.9824685454368591
2024-05-30,0.9759213328361511
2024-05-31,0.9950771927833557
2024-06-03,0.997015118598938
2024-06-04,0.9973174929618835
2024-06-05,0.998383641242981
2024-06-06,0.9985166192054749
2024-06-07,0.9985415935516357
2024-06-10,0.9983855485916138
2024-06-11,0.9981738328933716
2024-06-12,0.9975293278694153
2024-06-13,0.9972510933876038
2024-06-14,0.9972510933876038
2024-06-17,0.996871292591095
2024-06-18,0.9970007538795471
2024-06-20,0.998477041721344
2024-06-21,0.9981876015663147
2024-06-24,0.9944286346435547
2024-06-25,0.99791020154953
2024-06-26,0.9977222084999084
2024-06-27,0.9978092312812805
2024-06-28,0.9954931735992432
2024-07-01,0.9977300763130188
2024-07-02,0.9975842237472534
2024-07-03,0.9976720213890076
2024-07-05,0.9965081810951233
2024-07-08,0.99689781665802
2024-07-09,0.9967343807220459
2024-07-10,0.9961494207382202
2024-07-11,0.9974514842033386
2024-07-12,0.9978936314582825
2024-07-15,0.9978871941566467
2024-07-16,0.9978356957435608
2024-07-17,0.9846040606498718
2024-07-18,0.9752199649810791
2024-07-19,0.9628581404685974
2024-07-22,0.9918515086174011
2024-07-23,0.991736114025116
2024-07-24,0.9661798477172852
2024-07-25,0.9453752636909485
2024-07-26,0.9625331163406372
2024-07-29,0.9618827104568481
2024-07-30,0.8607829809188843
2024-07-31,0.9299513697624207
2024-08-01,0.9558076858520508
2024-08-02,0.8724491596221924
2024-08-05,0.016889367252588272
2024-08-06,0.22011788189411163
2024-08-07,0.024088390171527863
2024-08-08,0.41087087988853455
2024-08-09,0.4620843827724457
2024-08-12,0.5211927890777588
2024-08-13,0.5040882229804993
2024-08-14,0.5186692476272583
2024-08-15,0.8448030352592468
2024-08-16,0.9809658527374268
2024-08-19,0.9858493804931641
2024-08-20,0.9962421655654907
2024-08-21,0.9984244108200073
2024-08-22,0.9830983281135559
2024-08-23,0.9987754225730896
2024-08-26,0.9989622831344604
2024-08-27,0.9986801743507385
2024-08-28,0.9857359528541565
2024-08-29,0.9916452765464783
2024-08-30,0.9987347722053528
2024-09-03,0.94536954164505
2024-09-04,0.9611077308654785
2024-09-05,0.9541295766830444
2024-09-06,0.8801555633544922
2024-09-09,0.8727912306785583
2024-09-10,0.9130018353462219
2024-09-11,0.9306545257568359
2024-09-12,0.9902779459953308
2024-09-13,0.9940084218978882
2024-09-16,0.994411051273346
2024-09-17,0.9937263131141663
2024-09-18,0.9919666647911072
2024-09-19,0.9984880685806274
2024-09-20,0.9987660646438599
2024-09-23,0.9988652467727661
2024-09-24,0.9988417029380798
2024-09-25,0.9989197254180908
2024-09-26,0.9989843964576721
2024-09-27,0.998816967010498
2024-09-30,0.9989263415336609
2024-10-01,0.9892016649246216
2024-10-02,0.9927548766136169
2024-10-03,0.9888991713523865
2024-10-04,0.9982136487960815
2024-10-07,0.9834648370742798
2024-10-08,0.9974954724311829
2024-10-09,0.9987097978591919
2024-10-10,0.9983851909637451
2024-10-11,0.9987015724182129
2024-10-14,0.9987015724182129
2024-10-15,0.9979459643363953
2024-10-16,0.9988272786140442
2024-10-17,0.9989340901374817
2024-10-18,0.998838484287262
2024-10-21,0.9988345503807068
2024-10-22,0.9982978701591492
2024-10-23,0.9898725748062134
2024-10-24,0.9941171407699585
2024-10-25,0.9947687387466431
2024-10-28,0.9951438903808594
2024-10-29,0.9964491128921509
2024-10-30,0.993228018283844
2024-10-31,0.8508151173591614
2024-11-01,0.9460648894309998
2024-11-04,0.9054961800575256
2024-11-05,0.9593163132667542
2024-11-06,0.9934640526771545
2024-11-07,0.9940806031227112
2024-11-08,0.9969441294670105
2024-11-11,0.9984942674636841
2024-11-12,0.9989012479782104
2024-11-13,0.9990247488021851
2024-11-14,0.994595468044281
2024-11-15,0.9416266083717346
2024-11-18,0.9588894844055176
2024-11-19,0.9707843661308289
2024-11-20,0.9770670533180237
2024-11-21,0.9970480799674988
2024-11-22,0.9979221224784851
2024-11-25,0.9981763362884521
2024-11-26,0.9985045194625854
2024-11-27,0.9984240531921387
2024-11-29,0.9987015724182129
2024-12-02,0.9987015724182129
2024-12-03,0.9986432194709778
2024-12-04,0.9981251358985901
2024-12-05,0.9986838698387146
2024-12-06,0.9986357092857361
2024-12-09,0.9945759773254395
2024-12-10,0.9919446110725403
2024-12-11,0.9985305070877075
2024-12-12,0.9958866238594055
2024-12-13,0.9961285591125488
2024-12-16,0.9977140426635742
2024-12-17,0.992579996585846
2024-12-18,0.8689706325531006
2024-12-19,0.9235129356384277
2024-12-20,0.9530656933784485
2024-12-23,0.9879633188247681
2024-12-24,0.9891441464424133
2024-12-26,0.9879007339477539
2024-12-27,0.9825580716133118
2024-12-30,0.874332845211029
2024-12-31,0.89408940076828
2025-01-02,0.99098140001297
2025-01-03,0.9954708814620972
2025-01-06,0.9983493089675903
2025-01-07,0.9825007319450378
2025-01-08,0.9843496680259705
2025-01-10,0.9452056884765625
2025-01-13,0.9908662438392639
2025-01-14,0.9958035349845886
2025-01-15,0.9870431423187256
2025-01-16,0.9980545043945312
2025-01-17,0.9977282881736755
2025-01-21,0.9990100860595703
2025-01-22,0.9988250136375427
2025-01-23,0.9988688826560974
2025-01-24,0.9994885921478271
2025-01-27,0.9970577955245972
2025-01-28,0.9986892342567444
2025-01-29,0.9980048537254333
2025-01-30,0.9993372559547424
2025-01-31,0.9982195496559143
2025-02-03,0.9959112405776978
2025-02-04,0.9987208247184753
2025-02-05,0.9992653727531433
2025-02-06,0.9993070363998413
2025-02-07,0.9962299466133118
2025-02-10,0.9991127848625183
2025-02-11,0.9991127848625183
2025-02-12,0.998660683631897
2025-02-13,0.9993135929107666
2025-02-14,0.999459445476532
2025-02-18,0.9994764924049377
2025-02-19,0.9994764924049377
2025-02-20,0.9992799162864685
2025-02-21,0.9794244766235352
2025-02-24,0.9896457195281982
2025-02-25,0.9865400195121765
2025-02-26,0.9964876174926758
2025-02-27,0.9678950309753418
2025-02-28,0.9889994263648987
2025-03-03,0.9106164574623108
2025-03-04,0.447980135679245
2025-03-05,0.8345063328742981
2025-03-06,0.5166325569152832
2025-03-07,0.400164932012558
2025-03-10,0.09542737156152725
2025-03-11,0.10091158002614975
2025-03-12,0.08662925660610199
2025-03-13,0.0877055749297142
2025-03-14,0.13669948279857635
2025-03-17,0.1406620740890503
2025-03-18,0.17079409956932068
2025-03-19,0.16981655359268188
2025-03-20,0.34626150131225586
2025-03-21,0.5363602042198181
2025-03-24,0.09729698300361633
2025-03-25,0.6119664907455444
2025-03-26,0.32678481936454773
2025-03-27,0.646708071231842
2025-03-28,0.11057709902524948
2025-03-31,0.1396470069885254
2025-04-01,0.2625844180583954
2025-04-02,0.36658650636672974
2025-04-03,0.019046204164624214
2025-04-04,0.0061632064171135426
2025-04-07,0.005575127899646759
2025-04-08,0.005150797311216593
2025-04-09,0.018188361078500748
2025-04-10,0.009549842216074467
2025-04-11,0.008656813763082027
2025-04-14,0.00999663770198822
2025-04-15,0.00918953400105238
2025-04-16,0.009898129850625992
2025-04-17,0.00955197960138321
2025-04-21,0.004477308131754398
2025-04-22,0.007304250728338957
2025-04-23,0.010956646874547005
2025-04-24,0.03441210836172104
2025-04-25,0.035106003284454346
2025-04-28,0.04561491310596466
2025-04-29,0.047636814415454865
2025-04-30,0.16902264952659607
2025-05-01,0.1286771297454834
2025-05-02,0.8169357776641846
2025-05-05,0.8719955682754517
2025-05-06,0.22817780077457428
2025-05-07,0.5176169276237488
2025-05-08,0.9311032295227051
2025-05-09,0.9374982714653015
2025-05-12,0.9850325584411621
2025-05-13,0.9891331791877747
2025-05-14,0.9954008460044861
2025-05-15,0.9977637529373169
2025-05-16,0.9977637529373169
2025-05-19,0.9986244440078735
2025-05-20,0.9991679191589355
2025-05-21,0.9960481524467468
2025-05-22,0.9964459538459778
2025-05-23,0.9903368949890137
2025-05-27,0.9987768530845642
2025-05-28,0.998918890953064
2025-05-29,0.9990297555923462
2025-05-30,0.9990276098251343
2025-06-02,0.9985899329185486
2025-06-03,0.9979283809661865
2025-06-04,0.9979767203330994
2025-06-05,0.9978106617927551
2025-06-06,0.9987823367118835
2025-06-09,0.9987865090370178
2025-06-10,0.9988790154457092
2025-06-11,0.9990154504776001
2025-06-12,0.9985679388046265
2025-06-13,0.9938995838165283
2025-06-16,0.9977931976318359
2025-06-17,0.9908620119094849
2025-06-18,0.9961793422698975
2025-06-20,0.9943897128105164
2025-06-23,0.9969887137413025
2025-06-24,0.9959205389022827
2025-06-25,0.9978660941123962
2025-06-26,0.9966260194778442
2025-06-27,0.9983490705490112
2025-06-30,0.9984015822410583
2025-07-01,0.9986881613731384
2025-07-02,0.9985846281051636
2025-07-03,0.9984859824180603
2025-07-07,0.9989244341850281
2025-07-08,0.9991579055786133
2025-07-09,0.9991305470466614
2025-07-10,0.9990631937980652
2025-07-11,0.9991990923881531
2025-07-14,0.9992853999137878
2025-07-15,0.998877227306366
2025-07-16,0.9994639754295349
2025-07-17,0.999424934387207
2025-07-18,0.9994953870773315
2025-07-21,0.9994850158691406
2025-07-22,0.9994677901268005
2025-07-23,0.9991461038589478
2025-07-24,0.9991880059242249
2025-07-25,0.9991637468338013
2025-07-28,0.9991637468338013
2025-07-29,0.9994750618934631
2025-07-30,0.9992833733558655
2025-07-31,0.9971053004264832
2025-08-01,0.9922215342521667
2025-08-04,0.9985904097557068
2025-08-05,0.9968709349632263
2025-08-06,0.9992963075637817
2025-08-07,0.9991297125816345
2025-08-08,0.9994188547134399
2025-08-11,0.9993982315063477
2025-08-12,0.9990718364715576
2025-08-13,0.9992693066596985
2025-08-14,0.9994367957115173
2025-08-15,0.9994750618934631
2025-08-18,0.9995120763778687
2025-08-19,0.9988083839416504
2025-08-20,0.9940769672393799
2025-08-21,0.9935954213142395
2025-08-22,0.9991372227668762
2025-08-25,0.9993361830711365
2025-08-26,0.9994822144508362
2025-08-27,0.9994981288909912
2025-08-28,0.9994577765464783
2025-08-29,0.9991641044616699
2025-09-02,0.9946562051773071
2025-09-03,0.9987760186195374
2025-09-04,0.9994196891784668
2025-09-05,0.9993125200271606
2025-09-08,0.9994020462036133
2025-09-09,0.9994196891784668
2025-09-10,0.9993672966957092
2025-09-11,0.9989957213401794
2025-09-12,0.9991170763969421
2025-09-15,0.9989896416664124
2025-09-16,0.9993701577186584
2025-09-17,0.9994103908538818
2025-09-18,0.9993194341659546
2025-09-19,0.9989896416664124
2025-09-22,0.999028205871582
2025-09-23,0.9993657469749451
2025-09-24,0.9989977478981018
2025-09-25,0.9957160353660583
2025-09-26,0.9993023872375488
2025-09-29,0.9994449019432068
2025-09-30,0.9993626475334167
2025-10-01,0.9993194341659546
2025-10-02,0.9993194341659546
2025-10-03,0.9993194341659546
2025-10-06,0.9989896416664124
2025-10-07,0.9993646740913391
2025-10-08,0.9993701577186584
2025-10-09,0.9993646740913391
2025-10-10,0.9947686195373535
2025-10-13,0.9961552023887634
2025-10-14,0.997410237789154
2025-10-15,0.9961208701133728
2025-10-16,0.9961291551589966
2025-10-17,0.9973567724227905
2025-10-20,0.9977930784225464
2025-10-21,0.9992817044258118
2025-10-22,0.9986082911491394
2025-10-23,0.9993131160736084
2025-10-24,0.9992245435714722
2025-10-27,0.9987321496009827
2025-10-28,0.9992480874061584
2025-10-29,0.9992720484733582
2025-10-30,0.9985448122024536
2025-10-31,0.9992836117744446
2025-11-03,0.999452531337738
2025-11-04,0.9959456324577332
2025-11-05,0.9979402422904968
2025-11-06,0.9979100823402405
2025-11-07,0.9976931214332581
2025-11-10,0.9982717037200928
2025-11-11,0.9994159936904907
2025-11-12,0.9994602799415588
2025-11-13,0.9966350197792053
2025-11-14,0.9964988231658936
2025-11-17,0.9858879446983337
2025-11-18,0.9881908893585205
2025-11-19,0.9958149790763855
2025-11-20,0.983163058757782
2025-11-21,0.9953566193580627
2025-11-24,0.9884810447692871
2025-11-25,0.9950615763664246
2025-11-26,0.9979884624481201
2025-11-28,0.9990286827087402
2025-12-01,0.999350368976593
2025-12-02,0.9993131160736084
2025-12-03,0.9994396567344666
2025-12-04,0.9994396567344666
2025-12-05,0.9993571639060974
2025-12-08,0.9992799162864685
2025-12-09,0.9990875720977783
2025-12-10,0.9994764924049377
2025-12-11,0.9994764924049377
2025-12-12,0.9956046342849731
2025-12-15,0.9972609281539917
2025-12-16,0.9982091188430786
2025-12-17,0.9880620241165161
2025-12-18,0.9980594515800476
2025-12-19,0.9988285899162292
2025-12-22,0.9992328882217407
2025-12-23,0.9993759989738464
2025-12-24,0.9994764924049377
2025-12-26,0.9994921684265137
2025-12-29,0.9992986917495728
2025-12-30,0.9989367127418518
2025-12-31,0.985808789730072
